canonical_key,name,type,category,category_label,primary_muscle,primary_muscle_label,difficulty,equipments,instructions,safety_info,language,source,active
"fitos:rosca-alta-no-cabo","Rosca alta no cabo","strength","cabos","Cabos e polias","biceps","Bíceps","intermediario","polia dupla","Ajuste a polia e o acessório indicados. Assuma uma base estável, mantenha o tronco firme e execute rosca alta no cabo sem usar impulso. Retorne de forma lenta, preservando a tensão do cabo.","Use técnica controlada, carga compatível e interrompa em caso de dor aguda, tontura ou perda de estabilidade. Evite prender a respiração e compensar com a coluna.","pt-BR","FITOS_CURATED_CATALOG_V1","true"
"fitos:rosca-alternada-com-halteres","Rosca alternada com halteres","strength","pesos_livres","Pesos livres","biceps","Bíceps","iniciante","halteres","Prepare o equipamento e assuma uma base estável. Execute rosca alternada com halteres com coluna neutra, articulações alinhadas e amplitude confortável. Controle a fase de retorno e não use impulso para completar a repetição.","Use técnica controlada, carga compatível e interrompa em caso de dor aguda, tontura ou perda de estabilidade. Evite prender a respiração e compensar com a coluna.","pt-BR","FITOS_CURATED_CATALOG_V1","true"
"fitos:rosca-aranha-com-barra-w","Rosca aranha com barra W","strength","pesos_livres","Pesos livres","biceps","Bíceps","intermediario","barra W|banco inclinado","Prepare o equipamento e assuma uma base estável. Execute rosca aranha com barra w com coluna neutra, articulações alinhadas e amplitude confortável. Controle a fase de retorno e não use impulso para completar a repetição.","Use técnica controlada, carga compatível e interrompa em caso de dor aguda, tontura ou perda de estabilidade. Evite prender a respiração e compensar com a coluna.","pt-BR","FITOS_CURATED_CATALOG_V1","true"
"fitos:rosca-com-corda-no-cabo","Rosca com corda no cabo","strength","cabos","Cabos e polias","biceps","Bíceps","iniciante","polia baixa|corda","Ajuste a polia e o acessório indicados. Assuma uma base estável, mantenha o tronco firme e execute rosca com corda no cabo sem usar impulso. Retorne de forma lenta, preservando a tensão do cabo.","Use técnica controlada, carga compatível e interrompa em caso de dor aguda, tontura ou perda de estabilidade. Evite prender a respiração e compensar com a coluna.","pt-BR","FITOS_CURATED_CATALOG_V1","true"
"fitos:rosca-concentrada","Rosca concentrada","strength","pesos_livres","Pesos livres","biceps","Bíceps","intermediario","halter|banco","Prepare o equipamento e assuma uma base estável. Execute rosca concentrada com coluna neutra, articulações alinhadas e amplitude confortável. Controle a fase de retorno e não use impulso para completar a repetição.","Use técnica controlada, carga compatível e interrompa em caso de dor aguda, tontura ou perda de estabilidade. Evite prender a respiração e compensar com a coluna.","pt-BR","FITOS_CURATED_CATALOG_V1","true"
"fitos:rosca-direta-com-barra","Rosca direta com barra","strength","pesos_livres","Pesos livres","biceps","Bíceps","intermediario","barra","Prepare o equipamento e assuma uma base estável. Execute rosca direta com barra com coluna neutra, articulações alinhadas e amplitude confortável. Controle a fase de retorno e não use impulso para completar a repetição.","Use técnica controlada, carga compatível e interrompa em caso de dor aguda, tontura ou perda de estabilidade. Evite prender a respiração e compensar com a coluna.","pt-BR","FITOS_CURATED_CATALOG_V1","true"
"fitos:rosca-direta-com-barra-w","Rosca direta com barra W","strength","pesos_livres","Pesos livres","biceps","Bíceps","intermediario","barra W","Prepare o equipamento e assuma uma base estável. Execute rosca direta com barra w com coluna neutra, articulações alinhadas e amplitude confortável. Controle a fase de retorno e não use impulso para completar a repetição.","Use técnica controlada, carga compatível e interrompa em caso de dor aguda, tontura ou perda de estabilidade. Evite prender a respiração e compensar com a coluna.","pt-BR","FITOS_CURATED_CATALOG_V1","true"
"fitos:rosca-direta-na-maquina","Rosca direta na máquina","strength","maquinas","Máquinas e aparelhos","biceps","Bíceps","iniciante","máquina de rosca","Ajuste o equipamento ao seu corpo e selecione uma carga adequada. Estabilize o tronco, execute rosca direta na máquina na amplitude confortável e retorne lentamente, mantendo o controle durante todo o movimento.","Use técnica controlada, carga compatível e interrompa em caso de dor aguda, tontura ou perda de estabilidade. Evite prender a respiração e compensar com a coluna.","pt-BR","FITOS_CURATED_CATALOG_V1","true"
"fitos:rosca-direta-no-cabo","Rosca direta no cabo","strength","cabos","Cabos e polias","biceps","Bíceps","iniciante","polia baixa|barra","Ajuste a polia e o acessório indicados. Assuma uma base estável, mantenha o tronco firme e execute rosca direta no cabo sem usar impulso. Retorne de forma lenta, preservando a tensão do cabo.","Use técnica controlada, carga compatível e interrompa em caso de dor aguda, tontura ou perda de estabilidade. Evite prender a respiração e compensar com a coluna.","pt-BR","FITOS_CURATED_CATALOG_V1","true"
"fitos:rosca-inclinada-com-halteres","Rosca inclinada com halteres","strength","pesos_livres","Pesos livres","biceps","Bíceps","iniciante","halteres|banco inclinado","Prepare o equipamento e assuma uma base estável. Execute rosca inclinada com halteres com coluna neutra, articulações alinhadas e amplitude confortável. Controle a fase de retorno e não use impulso para completar a repetição.","Use técnica controlada, carga compatível e interrompa em caso de dor aguda, tontura ou perda de estabilidade. Evite prender a respiração e compensar com a coluna.","pt-BR","FITOS_CURATED_CATALOG_V1","true"
"fitos:rosca-martelo","Rosca martelo","strength","pesos_livres","Pesos livres","biceps","Bíceps","intermediario","halteres","Prepare o equipamento e assuma uma base estável. Execute rosca martelo com coluna neutra, articulações alinhadas e amplitude confortável. Controle a fase de retorno e não use impulso para completar a repetição.","Use técnica controlada, carga compatível e interrompa em caso de dor aguda, tontura ou perda de estabilidade. Evite prender a respiração e compensar com a coluna.","pt-BR","FITOS_CURATED_CATALOG_V1","true"
"fitos:rosca-martelo-inclinada","Rosca martelo inclinada","strength","pesos_livres","Pesos livres","biceps","Bíceps","iniciante","halteres|banco inclinado","Prepare o equipamento e assuma uma base estável. Execute rosca martelo inclinada com coluna neutra, articulações alinhadas e amplitude confortável. Controle a fase de retorno e não use impulso para completar a repetição.","Use técnica controlada, carga compatível e interrompa em caso de dor aguda, tontura ou perda de estabilidade. Evite prender a respiração e compensar com a coluna.","pt-BR","FITOS_CURATED_CATALOG_V1","true"
"fitos:rosca-scott-com-barra-w","Rosca Scott com barra W","strength","pesos_livres","Pesos livres","biceps","Bíceps","intermediario","barra W|banco Scott","Prepare o equipamento e assuma uma base estável. Execute rosca scott com barra w com coluna neutra, articulações alinhadas e amplitude confortável. Controle a fase de retorno e não use impulso para completar a repetição.","Use técnica controlada, carga compatível e interrompa em caso de dor aguda, tontura ou perda de estabilidade. Evite prender a respiração e compensar com a coluna.","pt-BR","FITOS_CURATED_CATALOG_V1","true"
"fitos:rosca-scott-na-maquina","Rosca Scott na máquina","strength","maquinas","Máquinas e aparelhos","biceps","Bíceps","iniciante","máquina Scott","Ajuste o equipamento ao seu corpo e selecione uma carga adequada. Estabilize o tronco, execute rosca scott na máquina na amplitude confortável e retorne lentamente, mantendo o controle durante todo o movimento.","Use técnica controlada, carga compatível e interrompa em caso de dor aguda, tontura ou perda de estabilidade. Evite prender a respiração e compensar com a coluna.","pt-BR","FITOS_CURATED_CATALOG_V1","true"
"fitos:rosca-unilateral-no-cabo","Rosca unilateral no cabo","strength","cabos","Cabos e polias","biceps","Bíceps","intermediario","polia baixa","Ajuste a polia e o acessório indicados. Assuma uma base estável, mantenha o tronco firme e execute rosca unilateral no cabo sem usar impulso. Retorne de forma lenta, preservando a tensão do cabo.","Use técnica controlada, carga compatível e interrompa em caso de dor aguda, tontura ou perda de estabilidade. Evite prender a respiração e compensar com a coluna.","pt-BR","FITOS_CURATED_CATALOG_V1","true"
"fitos:rosca-zottman","Rosca Zottman","strength","pesos_livres","Pesos livres","biceps","Bíceps","intermediario","halteres","Prepare o equipamento e assuma uma base estável. Execute rosca zottman com coluna neutra, articulações alinhadas e amplitude confortável. Controle a fase de retorno e não use impulso para completar a repetição.","Use técnica controlada, carga compatível e interrompa em caso de dor aguda, tontura ou perda de estabilidade. Evite prender a respiração e compensar com a coluna.","pt-BR","FITOS_CURATED_CATALOG_V1","true"
"fitos:abdominal-bicicleta","Abdominal bicicleta","strength","peso_corporal","Peso corporal","core","Core","iniciante","colchonete","Posicione o corpo de forma estável para abdominal bicicleta. Ative o core, mantenha o alinhamento das articulações e execute em amplitude confortável, com ritmo controlado e respiração contínua.","Use técnica controlada, carga compatível e interrompa em caso de dor aguda, tontura ou perda de estabilidade. Evite prender a respiração e compensar com a coluna.","pt-BR","FITOS_CURATED_CATALOG_V1","true"
"fitos:abdominal-na-maquina","Abdominal na máquina","strength","maquinas","Máquinas e aparelhos","core","Core","iniciante","máquina abdominal","Ajuste o equipamento ao seu corpo e selecione uma carga adequada. Estabilize o tronco, execute abdominal na máquina na amplitude confortável e retorne lentamente, mantendo o controle durante todo o movimento.","Use técnica controlada, carga compatível e interrompa em caso de dor aguda, tontura ou perda de estabilidade. Evite prender a respiração e compensar com a coluna.","pt-BR","FITOS_CURATED_CATALOG_V1","true"
"fitos:abdominal-no-cabo-ajoelhado","Abdominal no cabo ajoelhado","strength","cabos","Cabos e polias","core","Core","intermediario","polia alta|corda","Ajuste a polia e o acessório indicados. Assuma uma base estável, mantenha o tronco firme e execute abdominal no cabo ajoelhado sem usar impulso. Retorne de forma lenta, preservando a tensão do cabo.","Use técnica controlada, carga compatível e interrompa em caso de dor aguda, tontura ou perda de estabilidade. Evite prender a respiração e compensar com a coluna.","pt-BR","FITOS_CURATED_CATALOG_V1","true"
"fitos:abdominal-reverso","Abdominal reverso","strength","peso_corporal","Peso corporal","core","Core","iniciante","colchonete","Posicione o corpo de forma estável para abdominal reverso. Ative o core, mantenha o alinhamento das articulações e execute em amplitude confortável, com ritmo controlado e respiração contínua.","Use técnica controlada, carga compatível e interrompa em caso de dor aguda, tontura ou perda de estabilidade. Evite prender a respiração e compensar com a coluna.","pt-BR","FITOS_CURATED_CATALOG_V1","true"
"fitos:abdominal-supra","Abdominal supra","strength","peso_corporal","Peso corporal","core","Core","iniciante","colchonete","Posicione o corpo de forma estável para abdominal supra. Ative o core, mantenha o alinhamento das articulações e execute em amplitude confortável, com ritmo controlado e respiração contínua.","Use técnica controlada, carga compatível e interrompa em caso de dor aguda, tontura ou perda de estabilidade. Evite prender a respiração e compensar com a coluna.","pt-BR","FITOS_CURATED_CATALOG_V1","true"
"fitos:bird-dog","Bird dog","strength","peso_corporal","Peso corporal","core","Core","iniciante","colchonete","Posicione o corpo de forma estável para bird dog. Ative o core, mantenha o alinhamento das articulações e execute em amplitude confortável, com ritmo controlado e respiração contínua.","Use técnica controlada, carga compatível e interrompa em caso de dor aguda, tontura ou perda de estabilidade. Evite prender a respiração e compensar com a coluna.","pt-BR","FITOS_CURATED_CATALOG_V1","true"
"fitos:dead-bug","Dead bug","strength","peso_corporal","Peso corporal","core","Core","iniciante","colchonete","Posicione o corpo de forma estável para dead bug. Ative o core, mantenha o alinhamento das articulações e execute em amplitude confortável, com ritmo controlado e respiração contínua.","Use técnica controlada, carga compatível e interrompa em caso de dor aguda, tontura ou perda de estabilidade. Evite prender a respiração e compensar com a coluna.","pt-BR","FITOS_CURATED_CATALOG_V1","true"
"fitos:elevacao-de-joelhos-na-barra","Elevação de joelhos na barra","strength","peso_corporal","Peso corporal","core","Core","intermediario","barra fixa","Posicione o corpo de forma estável para elevação de joelhos na barra. Ative o core, mantenha o alinhamento das articulações e execute em amplitude confortável, com ritmo controlado e respiração contínua.","Use técnica controlada, carga compatível e interrompa em caso de dor aguda, tontura ou perda de estabilidade. Evite prender a respiração e compensar com a coluna.","pt-BR","FITOS_CURATED_CATALOG_V1","true"
"fitos:elevacao-de-pernas-deitado","Elevação de pernas deitado","strength","peso_corporal","Peso corporal","core","Core","intermediario","colchonete","Posicione o corpo de forma estável para elevação de pernas deitado. Ative o core, mantenha o alinhamento das articulações e execute em amplitude confortável, com ritmo controlado e respiração contínua.","Use técnica controlada, carga compatível e interrompa em caso de dor aguda, tontura ou perda de estabilidade. Evite prender a respiração e compensar com a coluna.","pt-BR","FITOS_CURATED_CATALOG_V1","true"
"fitos:elevacao-de-pernas-na-barra","Elevação de pernas na barra","strength","peso_corporal","Peso corporal","core","Core","avancado","barra fixa","Posicione o corpo de forma estável para elevação de pernas na barra. Ative o core, mantenha o alinhamento das articulações e execute em amplitude confortável, com ritmo controlado e respiração contínua.","Use técnica controlada, carga compatível e interrompa em caso de dor aguda, tontura ou perda de estabilidade. Evite prender a respiração e compensar com a coluna. Recomenda-se supervisão profissional até dominar a execução.","pt-BR","FITOS_CURATED_CATALOG_V1","true"
"fitos:farmer-walk","Farmer walk","strength","pesos_livres","Pesos livres","core","Core","intermediario","halteres ou kettlebells","Prepare o equipamento e assuma uma base estável. Execute farmer walk com coluna neutra, articulações alinhadas e amplitude confortável. Controle a fase de retorno e não use impulso para completar a repetição.","Use técnica controlada, carga compatível e interrompa em caso de dor aguda, tontura ou perda de estabilidade. Evite prender a respiração e compensar com a coluna.","pt-BR","FITOS_CURATED_CATALOG_V1","true"
"fitos:hollow-body-hold","Hollow body hold","strength","peso_corporal","Peso corporal","core","Core","intermediario","colchonete","Posicione o corpo de forma estável para hollow body hold. Ative o core, mantenha o alinhamento das articulações e execute em amplitude confortável, com ritmo controlado e respiração contínua.","Use técnica controlada, carga compatível e interrompa em caso de dor aguda, tontura ou perda de estabilidade. Evite prender a respiração e compensar com a coluna.","pt-BR","FITOS_CURATED_CATALOG_V1","true"
"fitos:pallof-press","Pallof press","strength","cabos","Cabos e polias","core","Core","iniciante","polia","Ajuste a polia e o acessório indicados. Assuma uma base estável, mantenha o tronco firme e execute pallof press sem usar impulso. Retorne de forma lenta, preservando a tensão do cabo.","Use técnica controlada, carga compatível e interrompa em caso de dor aguda, tontura ou perda de estabilidade. Evite prender a respiração e compensar com a coluna.","pt-BR","FITOS_CURATED_CATALOG_V1","true"
"fitos:prancha-com-toque-nos-ombros","Prancha com toque nos ombros","strength","peso_corporal","Peso corporal","core","Core","intermediario","colchonete","Posicione o corpo de forma estável para prancha com toque nos ombros. Ative o core, mantenha o alinhamento das articulações e execute em amplitude confortável, com ritmo controlado e respiração contínua.","Use técnica controlada, carga compatível e interrompa em caso de dor aguda, tontura ou perda de estabilidade. Evite prender a respiração e compensar com a coluna.","pt-BR","FITOS_CURATED_CATALOG_V1","true"
"fitos:prancha-frontal","Prancha frontal","strength","peso_corporal","Peso corporal","core","Core","iniciante","colchonete","Posicione o corpo de forma estável para prancha frontal. Ative o core, mantenha o alinhamento das articulações e execute em amplitude confortável, com ritmo controlado e respiração contínua.","Use técnica controlada, carga compatível e interrompa em caso de dor aguda, tontura ou perda de estabilidade. Evite prender a respiração e compensar com a coluna.","pt-BR","FITOS_CURATED_CATALOG_V1","true"
"fitos:prancha-lateral","Prancha lateral","strength","peso_corporal","Peso corporal","core","Core","iniciante","colchonete","Posicione o corpo de forma estável para prancha lateral. Ative o core, mantenha o alinhamento das articulações e execute em amplitude confortável, com ritmo controlado e respiração contínua.","Use técnica controlada, carga compatível e interrompa em caso de dor aguda, tontura ou perda de estabilidade. Evite prender a respiração e compensar com a coluna.","pt-BR","FITOS_CURATED_CATALOG_V1","true"
"fitos:rotacao-de-tronco-na-maquina","Rotação de tronco na máquina","strength","maquinas","Máquinas e aparelhos","core","Core","iniciante","máquina de rotação","Ajuste o equipamento ao seu corpo e selecione uma carga adequada. Estabilize o tronco, execute rotação de tronco na máquina na amplitude confortável e retorne lentamente, mantendo o controle durante todo o movimento.","Use técnica controlada, carga compatível e interrompa em caso de dor aguda, tontura ou perda de estabilidade. Evite prender a respiração e compensar com a coluna.","pt-BR","FITOS_CURATED_CATALOG_V1","true"
"fitos:suitcase-carry-unilateral","Suitcase carry unilateral","strength","pesos_livres","Pesos livres","core","Core","intermediario","halter ou kettlebell","Prepare o equipamento e assuma uma base estável. Execute suitcase carry unilateral com coluna neutra, articulações alinhadas e amplitude confortável. Controle a fase de retorno e não use impulso para completar a repetição.","Use técnica controlada, carga compatível e interrompa em caso de dor aguda, tontura ou perda de estabilidade. Evite prender a respiração e compensar com a coluna.","pt-BR","FITOS_CURATED_CATALOG_V1","true"
"fitos:wood-chop-alto-para-baixo","Wood chop alto para baixo","strength","cabos","Cabos e polias","core","Core","intermediario","polia","Ajuste a polia e o acessório indicados. Assuma uma base estável, mantenha o tronco firme e execute wood chop alto para baixo sem usar impulso. Retorne de forma lenta, preservando a tensão do cabo.","Use técnica controlada, carga compatível e interrompa em caso de dor aguda, tontura ou perda de estabilidade. Evite prender a respiração e compensar com a coluna.","pt-BR","FITOS_CURATED_CATALOG_V1","true"
"fitos:wood-chop-baixo-para-alto","Wood chop baixo para alto","strength","cabos","Cabos e polias","core","Core","intermediario","polia","Ajuste a polia e o acessório indicados. Assuma uma base estável, mantenha o tronco firme e execute wood chop baixo para alto sem usar impulso. Retorne de forma lenta, preservando a tensão do cabo.","Use técnica controlada, carga compatível e interrompa em caso de dor aguda, tontura ou perda de estabilidade. Evite prender a respiração e compensar com a coluna.","pt-BR","FITOS_CURATED_CATALOG_V1","true"
"fitos:barra-australiana","Barra australiana","strength","peso_corporal","Peso corporal","costas","Costas","iniciante","barra baixa","Posicione o corpo de forma estável para barra australiana. Ative o core, mantenha o alinhamento das articulações e execute em amplitude confortável, com ritmo controlado e respiração contínua.","Use técnica controlada, carga compatível e interrompa em caso de dor aguda, tontura ou perda de estabilidade. Evite prender a respiração e compensar com a coluna.","pt-BR","FITOS_CURATED_CATALOG_V1","true"
"fitos:barra-fixa-neutra","Barra fixa neutra","strength","peso_corporal","Peso corporal","costas","Costas","intermediario","barra fixa","Posicione o corpo de forma estável para barra fixa neutra. Ative o core, mantenha o alinhamento das articulações e execute em amplitude confortável, com ritmo controlado e respiração contínua.","Use técnica controlada, carga compatível e interrompa em caso de dor aguda, tontura ou perda de estabilidade. Evite prender a respiração e compensar com a coluna.","pt-BR","FITOS_CURATED_CATALOG_V1","true"
"fitos:barra-fixa-pronada","Barra fixa pronada","strength","peso_corporal","Peso corporal","costas","Costas","intermediario","barra fixa","Posicione o corpo de forma estável para barra fixa pronada. Ative o core, mantenha o alinhamento das articulações e execute em amplitude confortável, com ritmo controlado e respiração contínua.","Use técnica controlada, carga compatível e interrompa em caso de dor aguda, tontura ou perda de estabilidade. Evite prender a respiração e compensar com a coluna.","pt-BR","FITOS_CURATED_CATALOG_V1","true"
"fitos:barra-fixa-supinada","Barra fixa supinada","strength","peso_corporal","Peso corporal","costas","Costas","intermediario","barra fixa","Posicione o corpo de forma estável para barra fixa supinada. Ative o core, mantenha o alinhamento das articulações e execute em amplitude confortável, com ritmo controlado e respiração contínua.","Use técnica controlada, carga compatível e interrompa em caso de dor aguda, tontura ou perda de estabilidade. Evite prender a respiração e compensar com a coluna.","pt-BR","FITOS_CURATED_CATALOG_V1","true"
"fitos:extensao-lombar-no-banco-romano","Extensão lombar no banco romano","strength","peso_corporal","Peso corporal","costas","Costas","iniciante","banco romano","Posicione o corpo de forma estável para extensão lombar no banco romano. Ative o core, mantenha o alinhamento das articulações e execute em amplitude confortável, com ritmo controlado e respiração contínua.","Use técnica controlada, carga compatível e interrompa em caso de dor aguda, tontura ou perda de estabilidade. Evite prender a respiração e compensar com a coluna.","pt-BR","FITOS_CURATED_CATALOG_V1","true"
"fitos:face-pull","Face pull","strength","cabos","Cabos e polias","costas","Costas","iniciante","polia alta|corda","Ajuste a polia e o acessório indicados. Assuma uma base estável, mantenha o tronco firme e execute face pull sem usar impulso. Retorne de forma lenta, preservando a tensão do cabo.","Use técnica controlada, carga compatível e interrompa em caso de dor aguda, tontura ou perda de estabilidade. Evite prender a respiração e compensar com a coluna.","pt-BR","FITOS_CURATED_CATALOG_V1","true"
"fitos:levantamento-terra-convencional","Levantamento terra convencional","strength","pesos_livres","Pesos livres","costas","Costas","avancado","barra|anilhas","Prepare o equipamento e assuma uma base estável. Execute levantamento terra convencional com coluna neutra, articulações alinhadas e amplitude confortável. Controle a fase de retorno e não use impulso para completar a repetição.","Use técnica controlada, carga compatível e interrompa em caso de dor aguda, tontura ou perda de estabilidade. Evite prender a respiração e compensar com a coluna. Recomenda-se supervisão profissional até dominar a execução.","pt-BR","FITOS_CURATED_CATALOG_V1","true"
"fitos:levantamento-terra-sumo","Levantamento terra sumô","strength","pesos_livres","Pesos livres","costas","Costas","avancado","barra|anilhas","Prepare o equipamento e assuma uma base estável. Execute levantamento terra sumô com coluna neutra, articulações alinhadas e amplitude confortável. Controle a fase de retorno e não use impulso para completar a repetição.","Use técnica controlada, carga compatível e interrompa em caso de dor aguda, tontura ou perda de estabilidade. Evite prender a respiração e compensar com a coluna. Recomenda-se supervisão profissional até dominar a execução.","pt-BR","FITOS_CURATED_CATALOG_V1","true"
"fitos:pulldown-com-bracos-estendidos","Pulldown com braços estendidos","strength","cabos","Cabos e polias","costas","Costas","intermediario","polia alta|barra","Ajuste a polia e o acessório indicados. Assuma uma base estável, mantenha o tronco firme e execute pulldown com braços estendidos sem usar impulso. Retorne de forma lenta, preservando a tensão do cabo.","Use técnica controlada, carga compatível e interrompa em caso de dor aguda, tontura ou perda de estabilidade. Evite prender a respiração e compensar com a coluna.","pt-BR","FITOS_CURATED_CATALOG_V1","true"
"fitos:puxada-alta-pegada-aberta","Puxada alta pegada aberta","strength","cabos","Cabos e polias","costas","Costas","iniciante","polia alta|barra","Ajuste a polia e o acessório indicados. Assuma uma base estável, mantenha o tronco firme e execute puxada alta pegada aberta sem usar impulso. Retorne de forma lenta, preservando a tensão do cabo.","Use técnica controlada, carga compatível e interrompa em caso de dor aguda, tontura ou perda de estabilidade. Evite prender a respiração e compensar com a coluna.","pt-BR","FITOS_CURATED_CATALOG_V1","true"
"fitos:puxada-alta-pegada-neutra","Puxada alta pegada neutra","strength","cabos","Cabos e polias","costas","Costas","iniciante","polia alta|triângulo","Ajuste a polia e o acessório indicados. Assuma uma base estável, mantenha o tronco firme e execute puxada alta pegada neutra sem usar impulso. Retorne de forma lenta, preservando a tensão do cabo.","Use técnica controlada, carga compatível e interrompa em caso de dor aguda, tontura ou perda de estabilidade. Evite prender a respiração e compensar com a coluna.","pt-BR","FITOS_CURATED_CATALOG_V1","true"
"fitos:puxada-alta-pegada-supinada","Puxada alta pegada supinada","strength","cabos","Cabos e polias","costas","Costas","intermediario","polia alta|barra","Ajuste a polia e o acessório indicados. Assuma uma base estável, mantenha o tronco firme e execute puxada alta pegada supinada sem usar impulso. Retorne de forma lenta, preservando a tensão do cabo.","Use técnica controlada, carga compatível e interrompa em caso de dor aguda, tontura ou perda de estabilidade. Evite prender a respiração e compensar com a coluna.","pt-BR","FITOS_CURATED_CATALOG_V1","true"
"fitos:puxada-frontal-na-maquina","Puxada frontal na máquina","strength","maquinas","Máquinas e aparelhos","costas","Costas","iniciante","máquina de puxada","Ajuste o equipamento ao seu corpo e selecione uma carga adequada. Estabilize o tronco, execute puxada frontal na máquina na amplitude confortável e retorne lentamente, mantendo o controle durante todo o movimento.","Use técnica controlada, carga compatível e interrompa em caso de dor aguda, tontura ou perda de estabilidade. Evite prender a respiração e compensar com a coluna.","pt-BR","FITOS_CURATED_CATALOG_V1","true"
"fitos:puxada-unilateral-no-cabo","Puxada unilateral no cabo","strength","cabos","Cabos e polias","costas","Costas","intermediario","polia alta","Ajuste a polia e o acessório indicados. Assuma uma base estável, mantenha o tronco firme e execute puxada unilateral no cabo sem usar impulso. Retorne de forma lenta, preservando a tensão do cabo.","Use técnica controlada, carga compatível e interrompa em caso de dor aguda, tontura ou perda de estabilidade. Evite prender a respiração e compensar com a coluna.","pt-BR","FITOS_CURATED_CATALOG_V1","true"
"fitos:remada-articulada","Remada articulada","strength","maquinas","Máquinas e aparelhos","costas","Costas","iniciante","máquina articulada","Ajuste o equipamento ao seu corpo e selecione uma carga adequada. Estabilize o tronco, execute remada articulada na amplitude confortável e retorne lentamente, mantendo o controle durante todo o movimento.","Use técnica controlada, carga compatível e interrompa em caso de dor aguda, tontura ou perda de estabilidade. Evite prender a respiração e compensar com a coluna.","pt-BR","FITOS_CURATED_CATALOG_V1","true"
"fitos:remada-baixa-com-barra-reta","Remada baixa com barra reta","strength","cabos","Cabos e polias","costas","Costas","intermediario","polia baixa|barra","Ajuste a polia e o acessório indicados. Assuma uma base estável, mantenha o tronco firme e execute remada baixa com barra reta sem usar impulso. Retorne de forma lenta, preservando a tensão do cabo.","Use técnica controlada, carga compatível e interrompa em caso de dor aguda, tontura ou perda de estabilidade. Evite prender a respiração e compensar com a coluna.","pt-BR","FITOS_CURATED_CATALOG_V1","true"
"fitos:remada-baixa-na-maquina","Remada baixa na máquina","strength","maquinas","Máquinas e aparelhos","costas","Costas","iniciante","máquina de remada","Ajuste o equipamento ao seu corpo e selecione uma carga adequada. Estabilize o tronco, execute remada baixa na máquina na amplitude confortável e retorne lentamente, mantendo o controle durante todo o movimento.","Use técnica controlada, carga compatível e interrompa em caso de dor aguda, tontura ou perda de estabilidade. Evite prender a respiração e compensar com a coluna.","pt-BR","FITOS_CURATED_CATALOG_V1","true"
"fitos:remada-baixa-no-cabo","Remada baixa no cabo","strength","cabos","Cabos e polias","costas","Costas","iniciante","polia baixa|triângulo","Ajuste a polia e o acessório indicados. Assuma uma base estável, mantenha o tronco firme e execute remada baixa no cabo sem usar impulso. Retorne de forma lenta, preservando a tensão do cabo.","Use técnica controlada, carga compatível e interrompa em caso de dor aguda, tontura ou perda de estabilidade. Evite prender a respiração e compensar com a coluna.","pt-BR","FITOS_CURATED_CATALOG_V1","true"
"fitos:remada-cavalinho","Remada cavalinho","strength","pesos_livres","Pesos livres","costas","Costas","intermediario","barra|suporte landmine","Prepare o equipamento e assuma uma base estável. Execute remada cavalinho com coluna neutra, articulações alinhadas e amplitude confortável. Controle a fase de retorno e não use impulso para completar a repetição.","Use técnica controlada, carga compatível e interrompa em caso de dor aguda, tontura ou perda de estabilidade. Evite prender a respiração e compensar com a coluna.","pt-BR","FITOS_CURATED_CATALOG_V1","true"
"fitos:remada-com-halteres-no-banco-inclinado","Remada com halteres no banco inclinado","strength","pesos_livres","Pesos livres","costas","Costas","iniciante","halteres|banco inclinado","Prepare o equipamento e assuma uma base estável. Execute remada com halteres no banco inclinado com coluna neutra, articulações alinhadas e amplitude confortável. Controle a fase de retorno e não use impulso para completar a repetição.","Use técnica controlada, carga compatível e interrompa em caso de dor aguda, tontura ou perda de estabilidade. Evite prender a respiração e compensar com a coluna.","pt-BR","FITOS_CURATED_CATALOG_V1","true"
"fitos:remada-curvada-com-barra","Remada curvada com barra","strength","pesos_livres","Pesos livres","costas","Costas","intermediario","barra","Prepare o equipamento e assuma uma base estável. Execute remada curvada com barra com coluna neutra, articulações alinhadas e amplitude confortável. Controle a fase de retorno e não use impulso para completar a repetição.","Use técnica controlada, carga compatível e interrompa em caso de dor aguda, tontura ou perda de estabilidade. Evite prender a respiração e compensar com a coluna.","pt-BR","FITOS_CURATED_CATALOG_V1","true"
"fitos:remada-pendlay","Remada Pendlay","strength","pesos_livres","Pesos livres","costas","Costas","avancado","barra","Prepare o equipamento e assuma uma base estável. Execute remada pendlay com coluna neutra, articulações alinhadas e amplitude confortável. Controle a fase de retorno e não use impulso para completar a repetição.","Use técnica controlada, carga compatível e interrompa em caso de dor aguda, tontura ou perda de estabilidade. Evite prender a respiração e compensar com a coluna. Recomenda-se supervisão profissional até dominar a execução.","pt-BR","FITOS_CURATED_CATALOG_V1","true"
"fitos:remada-unilateral-com-halter","Remada unilateral com halter","strength","pesos_livres","Pesos livres","costas","Costas","iniciante","halter|banco","Prepare o equipamento e assuma uma base estável. Execute remada unilateral com halter com coluna neutra, articulações alinhadas e amplitude confortável. Controle a fase de retorno e não use impulso para completar a repetição.","Use técnica controlada, carga compatível e interrompa em caso de dor aguda, tontura ou perda de estabilidade. Evite prender a respiração e compensar com a coluna.","pt-BR","FITOS_CURATED_CATALOG_V1","true"
"fitos:remada-unilateral-no-cabo","Remada unilateral no cabo","strength","cabos","Cabos e polias","costas","Costas","intermediario","polia","Ajuste a polia e o acessório indicados. Assuma uma base estável, mantenha o tronco firme e execute remada unilateral no cabo sem usar impulso. Retorne de forma lenta, preservando a tensão do cabo.","Use técnica controlada, carga compatível e interrompa em caso de dor aguda, tontura ou perda de estabilidade. Evite prender a respiração e compensar com a coluna.","pt-BR","FITOS_CURATED_CATALOG_V1","true"
"fitos:superman","Superman","strength","peso_corporal","Peso corporal","costas","Costas","iniciante","colchonete","Posicione o corpo de forma estável para superman. Ative o core, mantenha o alinhamento das articulações e execute em amplitude confortável, com ritmo controlado e respiração contínua.","Use técnica controlada, carga compatível e interrompa em caso de dor aguda, tontura ou perda de estabilidade. Evite prender a respiração e compensar com a coluna.","pt-BR","FITOS_CURATED_CATALOG_V1","true"
"fitos:abducao-de-quadril-no-cabo","Abdução de quadril no cabo","strength","cabos","Cabos e polias","gluteos","Glúteos","iniciante","polia baixa|tornozeleira","Ajuste a polia e o acessório indicados. Assuma uma base estável, mantenha o tronco firme e execute abdução de quadril no cabo sem usar impulso. Retorne de forma lenta, preservando a tensão do cabo.","Use técnica controlada, carga compatível e interrompa em caso de dor aguda, tontura ou perda de estabilidade. Evite prender a respiração e compensar com a coluna.","pt-BR","FITOS_CURATED_CATALOG_V1","true"
"fitos:abducao-lateral-deitada","Abdução lateral deitada","strength","peso_corporal","Peso corporal","gluteos","Glúteos","iniciante","colchonete","Posicione o corpo de forma estável para abdução lateral deitada. Ative o core, mantenha o alinhamento das articulações e execute em amplitude confortável, com ritmo controlado e respiração contínua.","Use técnica controlada, carga compatível e interrompa em caso de dor aguda, tontura ou perda de estabilidade. Evite prender a respiração e compensar com a coluna.","pt-BR","FITOS_CURATED_CATALOG_V1","true"
"fitos:agachamento-sumo-com-halter","Agachamento sumô com halter","strength","pesos_livres","Pesos livres","gluteos","Glúteos","iniciante","halter","Prepare o equipamento e assuma uma base estável. Execute agachamento sumô com halter com coluna neutra, articulações alinhadas e amplitude confortável. Controle a fase de retorno e não use impulso para completar a repetição.","Use técnica controlada, carga compatível e interrompa em caso de dor aguda, tontura ou perda de estabilidade. Evite prender a respiração e compensar com a coluna.","pt-BR","FITOS_CURATED_CATALOG_V1","true"
"fitos:avanco-lateral-com-halter","Avanço lateral com halter","strength","pesos_livres","Pesos livres","gluteos","Glúteos","intermediario","halter","Prepare o equipamento e assuma uma base estável. Execute avanço lateral com halter com coluna neutra, articulações alinhadas e amplitude confortável. Controle a fase de retorno e não use impulso para completar a repetição.","Use técnica controlada, carga compatível e interrompa em caso de dor aguda, tontura ou perda de estabilidade. Evite prender a respiração e compensar com a coluna.","pt-BR","FITOS_CURATED_CATALOG_V1","true"
"fitos:coice-na-maquina","Coice na máquina","strength","maquinas","Máquinas e aparelhos","gluteos","Glúteos","iniciante","máquina de glúteos","Ajuste o equipamento ao seu corpo e selecione uma carga adequada. Estabilize o tronco, execute coice na máquina na amplitude confortável e retorne lentamente, mantendo o controle durante todo o movimento.","Use técnica controlada, carga compatível e interrompa em caso de dor aguda, tontura ou perda de estabilidade. Evite prender a respiração e compensar com a coluna.","pt-BR","FITOS_CURATED_CATALOG_V1","true"
"fitos:coice-no-cabo","Coice no cabo","strength","cabos","Cabos e polias","gluteos","Glúteos","iniciante","polia baixa|tornozeleira","Ajuste a polia e o acessório indicados. Assuma uma base estável, mantenha o tronco firme e execute coice no cabo sem usar impulso. Retorne de forma lenta, preservando a tensão do cabo.","Use técnica controlada, carga compatível e interrompa em caso de dor aguda, tontura ou perda de estabilidade. Evite prender a respiração e compensar com a coluna.","pt-BR","FITOS_CURATED_CATALOG_V1","true"
"fitos:donkey-kick","Donkey kick","strength","peso_corporal","Peso corporal","gluteos","Glúteos","iniciante","colchonete","Posicione o corpo de forma estável para donkey kick. Ative o core, mantenha o alinhamento das articulações e execute em amplitude confortável, com ritmo controlado e respiração contínua.","Use técnica controlada, carga compatível e interrompa em caso de dor aguda, tontura ou perda de estabilidade. Evite prender a respiração e compensar com a coluna.","pt-BR","FITOS_CURATED_CATALOG_V1","true"
"fitos:elevacao-pelvica-com-barra","Elevação pélvica com barra","strength","pesos_livres","Pesos livres","gluteos","Glúteos","intermediario","barra|banco","Prepare o equipamento e assuma uma base estável. Execute elevação pélvica com barra com coluna neutra, articulações alinhadas e amplitude confortável. Controle a fase de retorno e não use impulso para completar a repetição.","Use técnica controlada, carga compatível e interrompa em caso de dor aguda, tontura ou perda de estabilidade. Evite prender a respiração e compensar com a coluna.","pt-BR","FITOS_CURATED_CATALOG_V1","true"
"fitos:elevacao-pelvica-na-maquina","Elevação pélvica na máquina","strength","maquinas","Máquinas e aparelhos","gluteos","Glúteos","iniciante","máquina de hip thrust","Ajuste o equipamento ao seu corpo e selecione uma carga adequada. Estabilize o tronco, execute elevação pélvica na máquina na amplitude confortável e retorne lentamente, mantendo o controle durante todo o movimento.","Use técnica controlada, carga compatível e interrompa em caso de dor aguda, tontura ou perda de estabilidade. Evite prender a respiração e compensar com a coluna.","pt-BR","FITOS_CURATED_CATALOG_V1","true"
"fitos:fire-hydrant","Fire hydrant","strength","peso_corporal","Peso corporal","gluteos","Glúteos","iniciante","colchonete","Posicione o corpo de forma estável para fire hydrant. Ative o core, mantenha o alinhamento das articulações e execute em amplitude confortável, com ritmo controlado e respiração contínua.","Use técnica controlada, carga compatível e interrompa em caso de dor aguda, tontura ou perda de estabilidade. Evite prender a respiração e compensar com a coluna.","pt-BR","FITOS_CURATED_CATALOG_V1","true"
"fitos:maquina-abdutora","Máquina abdutora","strength","maquinas","Máquinas e aparelhos","gluteos","Glúteos","iniciante","máquina abdutora","Ajuste o equipamento ao seu corpo e selecione uma carga adequada. Estabilize o tronco, execute máquina abdutora na amplitude confortável e retorne lentamente, mantendo o controle durante todo o movimento.","Use técnica controlada, carga compatível e interrompa em caso de dor aguda, tontura ou perda de estabilidade. Evite prender a respiração e compensar com a coluna.","pt-BR","FITOS_CURATED_CATALOG_V1","true"
"fitos:ponte-de-gluteos","Ponte de glúteos","strength","peso_corporal","Peso corporal","gluteos","Glúteos","iniciante","colchonete","Posicione o corpo de forma estável para ponte de glúteos. Ative o core, mantenha o alinhamento das articulações e execute em amplitude confortável, com ritmo controlado e respiração contínua.","Use técnica controlada, carga compatível e interrompa em caso de dor aguda, tontura ou perda de estabilidade. Evite prender a respiração e compensar com a coluna.","pt-BR","FITOS_CURATED_CATALOG_V1","true"
"fitos:ponte-de-gluteos-com-halter","Ponte de glúteos com halter","strength","pesos_livres","Pesos livres","gluteos","Glúteos","iniciante","halter|colchonete","Prepare o equipamento e assuma uma base estável. Execute ponte de glúteos com halter com coluna neutra, articulações alinhadas e amplitude confortável. Controle a fase de retorno e não use impulso para completar a repetição.","Use técnica controlada, carga compatível e interrompa em caso de dor aguda, tontura ou perda de estabilidade. Evite prender a respiração e compensar com a coluna.","pt-BR","FITOS_CURATED_CATALOG_V1","true"
"fitos:ponte-unilateral","Ponte unilateral","strength","peso_corporal","Peso corporal","gluteos","Glúteos","intermediario","colchonete","Posicione o corpo de forma estável para ponte unilateral. Ative o core, mantenha o alinhamento das articulações e execute em amplitude confortável, com ritmo controlado e respiração contínua.","Use técnica controlada, carga compatível e interrompa em caso de dor aguda, tontura ou perda de estabilidade. Evite prender a respiração e compensar com a coluna.","pt-BR","FITOS_CURATED_CATALOG_V1","true"
"fitos:agachamento-profundo-assistido","Agachamento profundo assistido","mobility","alongamento_mobilidade","Alongamento e mobilidade","mobilidade","Mobilidade global","iniciante","apoio fixo","Adote a posição inicial de agachamento profundo assistido sem dor. Mova-se lentamente até sentir tensão confortável, mantenha a respiração contínua e retorne de forma controlada. Evite impulsos e respeite a amplitude individual.","Use técnica controlada, carga compatível e interrompa em caso de dor aguda, tontura ou perda de estabilidade. Não force a articulação nem sustente posição dolorosa.","pt-BR","FITOS_CURATED_CATALOG_V1","true"
"fitos:alongamento-cruzado-de-ombro","Alongamento cruzado de ombro","mobility","alongamento_mobilidade","Alongamento e mobilidade","mobilidade","Mobilidade global","iniciante","peso corporal","Adote a posição inicial de alongamento cruzado de ombro sem dor. Mova-se lentamente até sentir tensão confortável, mantenha a respiração contínua e retorne de forma controlada. Evite impulsos e respeite a amplitude individual.","Use técnica controlada, carga compatível e interrompa em caso de dor aguda, tontura ou perda de estabilidade. Não force a articulação nem sustente posição dolorosa.","pt-BR","FITOS_CURATED_CATALOG_V1","true"
"fitos:alongamento-de-adutores-borboleta","Alongamento de adutores borboleta","mobility","alongamento_mobilidade","Alongamento e mobilidade","mobilidade","Mobilidade global","iniciante","colchonete","Adote a posição inicial de alongamento de adutores borboleta sem dor. Mova-se lentamente até sentir tensão confortável, mantenha a respiração contínua e retorne de forma controlada. Evite impulsos e respeite a amplitude individual.","Use técnica controlada, carga compatível e interrompa em caso de dor aguda, tontura ou perda de estabilidade. Não force a articulação nem sustente posição dolorosa.","pt-BR","FITOS_CURATED_CATALOG_V1","true"
"fitos:alongamento-de-biceps-na-parede","Alongamento de bíceps na parede","mobility","alongamento_mobilidade","Alongamento e mobilidade","mobilidade","Mobilidade global","iniciante","parede","Adote a posição inicial de alongamento de bíceps na parede sem dor. Mova-se lentamente até sentir tensão confortável, mantenha a respiração contínua e retorne de forma controlada. Evite impulsos e respeite a amplitude individual.","Use técnica controlada, carga compatível e interrompa em caso de dor aguda, tontura ou perda de estabilidade. Não force a articulação nem sustente posição dolorosa.","pt-BR","FITOS_CURATED_CATALOG_V1","true"
"fitos:alongamento-de-dorsal-ajoelhado","Alongamento de dorsal ajoelhado","mobility","alongamento_mobilidade","Alongamento e mobilidade","mobilidade","Mobilidade global","iniciante","banco ou caixa","Adote a posição inicial de alongamento de dorsal ajoelhado sem dor. Mova-se lentamente até sentir tensão confortável, mantenha a respiração contínua e retorne de forma controlada. Evite impulsos e respeite a amplitude individual.","Use técnica controlada, carga compatível e interrompa em caso de dor aguda, tontura ou perda de estabilidade. Não force a articulação nem sustente posição dolorosa.","pt-BR","FITOS_CURATED_CATALOG_V1","true"
"fitos:alongamento-de-extensores-do-punho","Alongamento de extensores do punho","mobility","alongamento_mobilidade","Alongamento e mobilidade","mobilidade","Mobilidade global","iniciante","peso corporal","Adote a posição inicial de alongamento de extensores do punho sem dor. Mova-se lentamente até sentir tensão confortável, mantenha a respiração contínua e retorne de forma controlada. Evite impulsos e respeite a amplitude individual.","Use técnica controlada, carga compatível e interrompa em caso de dor aguda, tontura ou perda de estabilidade. Não force a articulação nem sustente posição dolorosa.","pt-BR","FITOS_CURATED_CATALOG_V1","true"
"fitos:alongamento-de-flexores-do-punho","Alongamento de flexores do punho","mobility","alongamento_mobilidade","Alongamento e mobilidade","mobilidade","Mobilidade global","iniciante","peso corporal","Adote a posição inicial de alongamento de flexores do punho sem dor. Mova-se lentamente até sentir tensão confortável, mantenha a respiração contínua e retorne de forma controlada. Evite impulsos e respeite a amplitude individual.","Use técnica controlada, carga compatível e interrompa em caso de dor aguda, tontura ou perda de estabilidade. Não force a articulação nem sustente posição dolorosa.","pt-BR","FITOS_CURATED_CATALOG_V1","true"
"fitos:alongamento-de-gluteo-deitado","Alongamento de glúteo deitado","mobility","alongamento_mobilidade","Alongamento e mobilidade","mobilidade","Mobilidade global","iniciante","colchonete","Adote a posição inicial de alongamento de glúteo deitado sem dor. Mova-se lentamente até sentir tensão confortável, mantenha a respiração contínua e retorne de forma controlada. Evite impulsos e respeite a amplitude individual.","Use técnica controlada, carga compatível e interrompa em caso de dor aguda, tontura ou perda de estabilidade. Não force a articulação nem sustente posição dolorosa.","pt-BR","FITOS_CURATED_CATALOG_V1","true"
"fitos:alongamento-de-panturrilha-na-parede","Alongamento de panturrilha na parede","mobility","alongamento_mobilidade","Alongamento e mobilidade","mobilidade","Mobilidade global","iniciante","parede","Adote a posição inicial de alongamento de panturrilha na parede sem dor. Mova-se lentamente até sentir tensão confortável, mantenha a respiração contínua e retorne de forma controlada. Evite impulsos e respeite a amplitude individual.","Use técnica controlada, carga compatível e interrompa em caso de dor aguda, tontura ou perda de estabilidade. Não force a articulação nem sustente posição dolorosa.","pt-BR","FITOS_CURATED_CATALOG_V1","true"
"fitos:alongamento-de-peitoral-na-parede","Alongamento de peitoral na parede","mobility","alongamento_mobilidade","Alongamento e mobilidade","mobilidade","Mobilidade global","iniciante","parede","Adote a posição inicial de alongamento de peitoral na parede sem dor. Mova-se lentamente até sentir tensão confortável, mantenha a respiração contínua e retorne de forma controlada. Evite impulsos e respeite a amplitude individual.","Use técnica controlada, carga compatível e interrompa em caso de dor aguda, tontura ou perda de estabilidade. Não force a articulação nem sustente posição dolorosa.","pt-BR","FITOS_CURATED_CATALOG_V1","true"
"fitos:alongamento-de-peitoral-na-porta","Alongamento de peitoral na porta","mobility","alongamento_mobilidade","Alongamento e mobilidade","mobilidade","Mobilidade global","iniciante","batente de porta","Adote a posição inicial de alongamento de peitoral na porta sem dor. Mova-se lentamente até sentir tensão confortável, mantenha a respiração contínua e retorne de forma controlada. Evite impulsos e respeite a amplitude individual.","Use técnica controlada, carga compatível e interrompa em caso de dor aguda, tontura ou perda de estabilidade. Não force a articulação nem sustente posição dolorosa.","pt-BR","FITOS_CURATED_CATALOG_V1","true"
"fitos:alongamento-de-posteriores-sentado","Alongamento de posteriores sentado","mobility","alongamento_mobilidade","Alongamento e mobilidade","mobilidade","Mobilidade global","iniciante","colchonete","Adote a posição inicial de alongamento de posteriores sentado sem dor. Mova-se lentamente até sentir tensão confortável, mantenha a respiração contínua e retorne de forma controlada. Evite impulsos e respeite a amplitude individual.","Use técnica controlada, carga compatível e interrompa em caso de dor aguda, tontura ou perda de estabilidade. Não force a articulação nem sustente posição dolorosa.","pt-BR","FITOS_CURATED_CATALOG_V1","true"
"fitos:alongamento-de-quadriceps-em-pe","Alongamento de quadríceps em pé","mobility","alongamento_mobilidade","Alongamento e mobilidade","mobilidade","Mobilidade global","iniciante","apoio opcional","Adote a posição inicial de alongamento de quadríceps em pé sem dor. Mova-se lentamente até sentir tensão confortável, mantenha a respiração contínua e retorne de forma controlada. Evite impulsos e respeite a amplitude individual.","Use técnica controlada, carga compatível e interrompa em caso de dor aguda, tontura ou perda de estabilidade. Não force a articulação nem sustente posição dolorosa.","pt-BR","FITOS_CURATED_CATALOG_V1","true"
"fitos:alongamento-de-soleo-na-parede","Alongamento de sóleo na parede","mobility","alongamento_mobilidade","Alongamento e mobilidade","mobilidade","Mobilidade global","iniciante","parede","Adote a posição inicial de alongamento de sóleo na parede sem dor. Mova-se lentamente até sentir tensão confortável, mantenha a respiração contínua e retorne de forma controlada. Evite impulsos e respeite a amplitude individual.","Use técnica controlada, carga compatível e interrompa em caso de dor aguda, tontura ou perda de estabilidade. Não force a articulação nem sustente posição dolorosa.","pt-BR","FITOS_CURATED_CATALOG_V1","true"
"fitos:alongamento-de-triceps-acima-da-cabeca","Alongamento de tríceps acima da cabeça","mobility","alongamento_mobilidade","Alongamento e mobilidade","mobilidade","Mobilidade global","iniciante","peso corporal","Adote a posição inicial de alongamento de tríceps acima da cabeça sem dor. Mova-se lentamente até sentir tensão confortável, mantenha a respiração contínua e retorne de forma controlada. Evite impulsos e respeite a amplitude individual.","Use técnica controlada, carga compatível e interrompa em caso de dor aguda, tontura ou perda de estabilidade. Não force a articulação nem sustente posição dolorosa.","pt-BR","FITOS_CURATED_CATALOG_V1","true"
"fitos:alongamento-do-flexor-do-quadril-ajoelhado","Alongamento do flexor do quadril ajoelhado","mobility","alongamento_mobilidade","Alongamento e mobilidade","mobilidade","Mobilidade global","iniciante","colchonete","Adote a posição inicial de alongamento do flexor do quadril ajoelhado sem dor. Mova-se lentamente até sentir tensão confortável, mantenha a respiração contínua e retorne de forma controlada. Evite impulsos e respeite a amplitude individual.","Use técnica controlada, carga compatível e interrompa em caso de dor aguda, tontura ou perda de estabilidade. Não force a articulação nem sustente posição dolorosa.","pt-BR","FITOS_CURATED_CATALOG_V1","true"
"fitos:alongamento-piriforme-em-figura-quatro","Alongamento piriforme em figura quatro","mobility","alongamento_mobilidade","Alongamento e mobilidade","mobilidade","Mobilidade global","iniciante","colchonete","Adote a posição inicial de alongamento piriforme em figura quatro sem dor. Mova-se lentamente até sentir tensão confortável, mantenha a respiração contínua e retorne de forma controlada. Evite impulsos e respeite a amplitude individual.","Use técnica controlada, carga compatível e interrompa em caso de dor aguda, tontura ou perda de estabilidade. Não force a articulação nem sustente posição dolorosa.","pt-BR","FITOS_CURATED_CATALOG_V1","true"
"fitos:cat-cow","Cat-cow","mobility","alongamento_mobilidade","Alongamento e mobilidade","mobilidade","Mobilidade global","iniciante","colchonete","Adote a posição inicial de cat-cow sem dor. Mova-se lentamente até sentir tensão confortável, mantenha a respiração contínua e retorne de forma controlada. Evite impulsos e respeite a amplitude individual.","Use técnica controlada, carga compatível e interrompa em caso de dor aguda, tontura ou perda de estabilidade. Não force a articulação nem sustente posição dolorosa.","pt-BR","FITOS_CURATED_CATALOG_V1","true"
"fitos:cobra-suave","Cobra suave","mobility","alongamento_mobilidade","Alongamento e mobilidade","mobilidade","Mobilidade global","iniciante","colchonete","Adote a posição inicial de cobra suave sem dor. Mova-se lentamente até sentir tensão confortável, mantenha a respiração contínua e retorne de forma controlada. Evite impulsos e respeite a amplitude individual.","Use técnica controlada, carga compatível e interrompa em caso de dor aguda, tontura ou perda de estabilidade. Não force a articulação nem sustente posição dolorosa.","pt-BR","FITOS_CURATED_CATALOG_V1","true"
"fitos:extensao-toracica-no-rolo","Extensão torácica no rolo","mobility","alongamento_mobilidade","Alongamento e mobilidade","mobilidade","Mobilidade global","iniciante","rolo de liberação","Adote a posição inicial de extensão torácica no rolo sem dor. Mova-se lentamente até sentir tensão confortável, mantenha a respiração contínua e retorne de forma controlada. Evite impulsos e respeite a amplitude individual.","Use técnica controlada, carga compatível e interrompa em caso de dor aguda, tontura ou perda de estabilidade. Não force a articulação nem sustente posição dolorosa.","pt-BR","FITOS_CURATED_CATALOG_V1","true"
"fitos:mobilidade-90-90-de-quadril","Mobilidade 90/90 de quadril","mobility","alongamento_mobilidade","Alongamento e mobilidade","mobilidade","Mobilidade global","iniciante","colchonete","Adote a posição inicial de mobilidade 90/90 de quadril sem dor. Mova-se lentamente até sentir tensão confortável, mantenha a respiração contínua e retorne de forma controlada. Evite impulsos e respeite a amplitude individual.","Use técnica controlada, carga compatível e interrompa em caso de dor aguda, tontura ou perda de estabilidade. Não force a articulação nem sustente posição dolorosa.","pt-BR","FITOS_CURATED_CATALOG_V1","true"
"fitos:mobilidade-de-ombro-com-bastao","Mobilidade de ombro com bastão","mobility","alongamento_mobilidade","Alongamento e mobilidade","mobilidade","Mobilidade global","iniciante","bastão","Adote a posição inicial de mobilidade de ombro com bastão sem dor. Mova-se lentamente até sentir tensão confortável, mantenha a respiração contínua e retorne de forma controlada. Evite impulsos e respeite a amplitude individual.","Use técnica controlada, carga compatível e interrompa em caso de dor aguda, tontura ou perda de estabilidade. Não force a articulação nem sustente posição dolorosa.","pt-BR","FITOS_CURATED_CATALOG_V1","true"
"fitos:mobilidade-de-tornozelo-na-parede","Mobilidade de tornozelo na parede","mobility","alongamento_mobilidade","Alongamento e mobilidade","mobilidade","Mobilidade global","iniciante","parede","Adote a posição inicial de mobilidade de tornozelo na parede sem dor. Mova-se lentamente até sentir tensão confortável, mantenha a respiração contínua e retorne de forma controlada. Evite impulsos e respeite a amplitude individual.","Use técnica controlada, carga compatível e interrompa em caso de dor aguda, tontura ou perda de estabilidade. Não force a articulação nem sustente posição dolorosa.","pt-BR","FITOS_CURATED_CATALOG_V1","true"
"fitos:postura-da-crianca","Postura da criança","mobility","alongamento_mobilidade","Alongamento e mobilidade","mobilidade","Mobilidade global","iniciante","colchonete","Adote a posição inicial de postura da criança sem dor. Mova-se lentamente até sentir tensão confortável, mantenha a respiração contínua e retorne de forma controlada. Evite impulsos e respeite a amplitude individual.","Use técnica controlada, carga compatível e interrompa em caso de dor aguda, tontura ou perda de estabilidade. Não force a articulação nem sustente posição dolorosa.","pt-BR","FITOS_CURATED_CATALOG_V1","true"
"fitos:rotacao-externa-de-ombro-com-apoio","Rotação externa de ombro com apoio","mobility","alongamento_mobilidade","Alongamento e mobilidade","mobilidade","Mobilidade global","iniciante","parede","Adote a posição inicial de rotação externa de ombro com apoio sem dor. Mova-se lentamente até sentir tensão confortável, mantenha a respiração contínua e retorne de forma controlada. Evite impulsos e respeite a amplitude individual.","Use técnica controlada, carga compatível e interrompa em caso de dor aguda, tontura ou perda de estabilidade. Não force a articulação nem sustente posição dolorosa.","pt-BR","FITOS_CURATED_CATALOG_V1","true"
"fitos:rotacao-lombar-deitada","Rotação lombar deitada","mobility","alongamento_mobilidade","Alongamento e mobilidade","mobilidade","Mobilidade global","iniciante","colchonete","Adote a posição inicial de rotação lombar deitada sem dor. Mova-se lentamente até sentir tensão confortável, mantenha a respiração contínua e retorne de forma controlada. Evite impulsos e respeite a amplitude individual.","Use técnica controlada, carga compatível e interrompa em caso de dor aguda, tontura ou perda de estabilidade. Não force a articulação nem sustente posição dolorosa.","pt-BR","FITOS_CURATED_CATALOG_V1","true"
"fitos:rotacao-toracica-em-quatro-apoios","Rotação torácica em quatro apoios","mobility","alongamento_mobilidade","Alongamento e mobilidade","mobilidade","Mobilidade global","iniciante","colchonete","Adote a posição inicial de rotação torácica em quatro apoios sem dor. Mova-se lentamente até sentir tensão confortável, mantenha a respiração contínua e retorne de forma controlada. Evite impulsos e respeite a amplitude individual.","Use técnica controlada, carga compatível e interrompa em caso de dor aguda, tontura ou perda de estabilidade. Não force a articulação nem sustente posição dolorosa.","pt-BR","FITOS_CURATED_CATALOG_V1","true"
"fitos:world-greatest-stretch","World greatest stretch","mobility","alongamento_mobilidade","Alongamento e mobilidade","mobilidade","Mobilidade global","intermediario","colchonete","Adote a posição inicial de world greatest stretch sem dor. Mova-se lentamente até sentir tensão confortável, mantenha a respiração contínua e retorne de forma controlada. Evite impulsos e respeite a amplitude individual.","Use técnica controlada, carga compatível e interrompa em caso de dor aguda, tontura ou perda de estabilidade. Não force a articulação nem sustente posição dolorosa.","pt-BR","FITOS_CURATED_CATALOG_V1","true"
"fitos:crucifixo-inverso-com-halteres","Crucifixo inverso com halteres","strength","pesos_livres","Pesos livres","ombros","Ombros","iniciante","halteres","Prepare o equipamento e assuma uma base estável. Execute crucifixo inverso com halteres com coluna neutra, articulações alinhadas e amplitude confortável. Controle a fase de retorno e não use impulso para completar a repetição.","Use técnica controlada, carga compatível e interrompa em caso de dor aguda, tontura ou perda de estabilidade. Evite prender a respiração e compensar com a coluna.","pt-BR","FITOS_CURATED_CATALOG_V1","true"
"fitos:crucifixo-inverso-na-maquina","Crucifixo inverso na máquina","strength","maquinas","Máquinas e aparelhos","ombros","Ombros","iniciante","máquina peck deck invertida","Ajuste o equipamento ao seu corpo e selecione uma carga adequada. Estabilize o tronco, execute crucifixo inverso na máquina na amplitude confortável e retorne lentamente, mantendo o controle durante todo o movimento.","Use técnica controlada, carga compatível e interrompa em caso de dor aguda, tontura ou perda de estabilidade. Evite prender a respiração e compensar com a coluna.","pt-BR","FITOS_CURATED_CATALOG_V1","true"
"fitos:crucifixo-inverso-no-cabo","Crucifixo inverso no cabo","strength","cabos","Cabos e polias","ombros","Ombros","intermediario","polia dupla","Ajuste a polia e o acessório indicados. Assuma uma base estável, mantenha o tronco firme e execute crucifixo inverso no cabo sem usar impulso. Retorne de forma lenta, preservando a tensão do cabo.","Use técnica controlada, carga compatível e interrompa em caso de dor aguda, tontura ou perda de estabilidade. Evite prender a respiração e compensar com a coluna.","pt-BR","FITOS_CURATED_CATALOG_V1","true"
"fitos:desenvolvimento-arnold","Desenvolvimento Arnold","strength","pesos_livres","Pesos livres","ombros","Ombros","intermediario","halteres","Prepare o equipamento e assuma uma base estável. Execute desenvolvimento arnold com coluna neutra, articulações alinhadas e amplitude confortável. Controle a fase de retorno e não use impulso para completar a repetição.","Use técnica controlada, carga compatível e interrompa em caso de dor aguda, tontura ou perda de estabilidade. Evite prender a respiração e compensar com a coluna.","pt-BR","FITOS_CURATED_CATALOG_V1","true"
"fitos:desenvolvimento-com-halteres-sentado","Desenvolvimento com halteres sentado","strength","pesos_livres","Pesos livres","ombros","Ombros","iniciante","halteres|banco","Prepare o equipamento e assuma uma base estável. Execute desenvolvimento com halteres sentado com coluna neutra, articulações alinhadas e amplitude confortável. Controle a fase de retorno e não use impulso para completar a repetição.","Use técnica controlada, carga compatível e interrompa em caso de dor aguda, tontura ou perda de estabilidade. Evite prender a respiração e compensar com a coluna.","pt-BR","FITOS_CURATED_CATALOG_V1","true"
"fitos:desenvolvimento-militar-com-barra","Desenvolvimento militar com barra","strength","pesos_livres","Pesos livres","ombros","Ombros","intermediario","barra","Prepare o equipamento e assuma uma base estável. Execute desenvolvimento militar com barra com coluna neutra, articulações alinhadas e amplitude confortável. Controle a fase de retorno e não use impulso para completar a repetição.","Use técnica controlada, carga compatível e interrompa em caso de dor aguda, tontura ou perda de estabilidade. Evite prender a respiração e compensar com a coluna.","pt-BR","FITOS_CURATED_CATALOG_V1","true"
"fitos:desenvolvimento-na-maquina","Desenvolvimento na máquina","strength","maquinas","Máquinas e aparelhos","ombros","Ombros","iniciante","máquina de desenvolvimento","Ajuste o equipamento ao seu corpo e selecione uma carga adequada. Estabilize o tronco, execute desenvolvimento na máquina na amplitude confortável e retorne lentamente, mantendo o controle durante todo o movimento.","Use técnica controlada, carga compatível e interrompa em caso de dor aguda, tontura ou perda de estabilidade. Evite prender a respiração e compensar com a coluna.","pt-BR","FITOS_CURATED_CATALOG_V1","true"
"fitos:desenvolvimento-no-cabo","Desenvolvimento no cabo","strength","cabos","Cabos e polias","ombros","Ombros","intermediario","polia baixa","Ajuste a polia e o acessório indicados. Assuma uma base estável, mantenha o tronco firme e execute desenvolvimento no cabo sem usar impulso. Retorne de forma lenta, preservando a tensão do cabo.","Use técnica controlada, carga compatível e interrompa em caso de dor aguda, tontura ou perda de estabilidade. Evite prender a respiração e compensar com a coluna.","pt-BR","FITOS_CURATED_CATALOG_V1","true"
"fitos:elevacao-em-y-no-cabo","Elevação em Y no cabo","strength","cabos","Cabos e polias","ombros","Ombros","intermediario","polia baixa","Ajuste a polia e o acessório indicados. Assuma uma base estável, mantenha o tronco firme e execute elevação em y no cabo sem usar impulso. Retorne de forma lenta, preservando a tensão do cabo.","Use técnica controlada, carga compatível e interrompa em caso de dor aguda, tontura ou perda de estabilidade. Evite prender a respiração e compensar com a coluna.","pt-BR","FITOS_CURATED_CATALOG_V1","true"
"fitos:elevacao-frontal-com-barra","Elevação frontal com barra","strength","pesos_livres","Pesos livres","ombros","Ombros","intermediario","barra","Prepare o equipamento e assuma uma base estável. Execute elevação frontal com barra com coluna neutra, articulações alinhadas e amplitude confortável. Controle a fase de retorno e não use impulso para completar a repetição.","Use técnica controlada, carga compatível e interrompa em caso de dor aguda, tontura ou perda de estabilidade. Evite prender a respiração e compensar com a coluna.","pt-BR","FITOS_CURATED_CATALOG_V1","true"
"fitos:elevacao-frontal-com-halteres","Elevação frontal com halteres","strength","pesos_livres","Pesos livres","ombros","Ombros","iniciante","halteres","Prepare o equipamento e assuma uma base estável. Execute elevação frontal com halteres com coluna neutra, articulações alinhadas e amplitude confortável. Controle a fase de retorno e não use impulso para completar a repetição.","Use técnica controlada, carga compatível e interrompa em caso de dor aguda, tontura ou perda de estabilidade. Evite prender a respiração e compensar com a coluna.","pt-BR","FITOS_CURATED_CATALOG_V1","true"
"fitos:elevacao-frontal-no-cabo","Elevação frontal no cabo","strength","cabos","Cabos e polias","ombros","Ombros","iniciante","polia baixa","Ajuste a polia e o acessório indicados. Assuma uma base estável, mantenha o tronco firme e execute elevação frontal no cabo sem usar impulso. Retorne de forma lenta, preservando a tensão do cabo.","Use técnica controlada, carga compatível e interrompa em caso de dor aguda, tontura ou perda de estabilidade. Evite prender a respiração e compensar com a coluna.","pt-BR","FITOS_CURATED_CATALOG_V1","true"
"fitos:elevacao-lateral-com-halteres","Elevação lateral com halteres","strength","pesos_livres","Pesos livres","ombros","Ombros","iniciante","halteres","Prepare o equipamento e assuma uma base estável. Execute elevação lateral com halteres com coluna neutra, articulações alinhadas e amplitude confortável. Controle a fase de retorno e não use impulso para completar a repetição.","Use técnica controlada, carga compatível e interrompa em caso de dor aguda, tontura ou perda de estabilidade. Evite prender a respiração e compensar com a coluna.","pt-BR","FITOS_CURATED_CATALOG_V1","true"
"fitos:elevacao-lateral-inclinada","Elevação lateral inclinada","strength","pesos_livres","Pesos livres","ombros","Ombros","intermediario","halter|banco","Prepare o equipamento e assuma uma base estável. Execute elevação lateral inclinada com coluna neutra, articulações alinhadas e amplitude confortável. Controle a fase de retorno e não use impulso para completar a repetição.","Use técnica controlada, carga compatível e interrompa em caso de dor aguda, tontura ou perda de estabilidade. Evite prender a respiração e compensar com a coluna.","pt-BR","FITOS_CURATED_CATALOG_V1","true"
"fitos:elevacao-lateral-na-maquina","Elevação lateral na máquina","strength","maquinas","Máquinas e aparelhos","ombros","Ombros","iniciante","máquina de elevação lateral","Ajuste o equipamento ao seu corpo e selecione uma carga adequada. Estabilize o tronco, execute elevação lateral na máquina na amplitude confortável e retorne lentamente, mantendo o controle durante todo o movimento.","Use técnica controlada, carga compatível e interrompa em caso de dor aguda, tontura ou perda de estabilidade. Evite prender a respiração e compensar com a coluna.","pt-BR","FITOS_CURATED_CATALOG_V1","true"
"fitos:elevacao-lateral-no-cabo","Elevação lateral no cabo","strength","cabos","Cabos e polias","ombros","Ombros","iniciante","polia baixa","Ajuste a polia e o acessório indicados. Assuma uma base estável, mantenha o tronco firme e execute elevação lateral no cabo sem usar impulso. Retorne de forma lenta, preservando a tensão do cabo.","Use técnica controlada, carga compatível e interrompa em caso de dor aguda, tontura ou perda de estabilidade. Evite prender a respiração e compensar com a coluna.","pt-BR","FITOS_CURATED_CATALOG_V1","true"
"fitos:flexao-pike","Flexão pike","strength","peso_corporal","Peso corporal","ombros","Ombros","intermediario","peso corporal","Posicione o corpo de forma estável para flexão pike. Ative o core, mantenha o alinhamento das articulações e execute em amplitude confortável, com ritmo controlado e respiração contínua.","Use técnica controlada, carga compatível e interrompa em caso de dor aguda, tontura ou perda de estabilidade. Evite prender a respiração e compensar com a coluna.","pt-BR","FITOS_CURATED_CATALOG_V1","true"
"fitos:parada-de-maos-assistida","Parada de mãos assistida","strength","peso_corporal","Peso corporal","ombros","Ombros","avancado","parede","Posicione o corpo de forma estável para parada de mãos assistida. Ative o core, mantenha o alinhamento das articulações e execute em amplitude confortável, com ritmo controlado e respiração contínua.","Use técnica controlada, carga compatível e interrompa em caso de dor aguda, tontura ou perda de estabilidade. Evite prender a respiração e compensar com a coluna. Recomenda-se supervisão profissional até dominar a execução.","pt-BR","FITOS_CURATED_CATALOG_V1","true"
"fitos:remada-alta-com-barra","Remada alta com barra","strength","pesos_livres","Pesos livres","ombros","Ombros","intermediario","barra","Prepare o equipamento e assuma uma base estável. Execute remada alta com barra com coluna neutra, articulações alinhadas e amplitude confortável. Controle a fase de retorno e não use impulso para completar a repetição.","Use técnica controlada, carga compatível e interrompa em caso de dor aguda, tontura ou perda de estabilidade. Evite prender a respiração e compensar com a coluna.","pt-BR","FITOS_CURATED_CATALOG_V1","true"
"fitos:remada-alta-no-cabo","Remada alta no cabo","strength","cabos","Cabos e polias","ombros","Ombros","intermediario","polia baixa|barra","Ajuste a polia e o acessório indicados. Assuma uma base estável, mantenha o tronco firme e execute remada alta no cabo sem usar impulso. Retorne de forma lenta, preservando a tensão do cabo.","Use técnica controlada, carga compatível e interrompa em caso de dor aguda, tontura ou perda de estabilidade. Evite prender a respiração e compensar com a coluna.","pt-BR","FITOS_CURATED_CATALOG_V1","true"
"fitos:panturrilha-bilateral-no-solo","Panturrilha bilateral no solo","strength","peso_corporal","Peso corporal","panturrilhas","Panturrilhas","iniciante","peso corporal","Posicione o corpo de forma estável para panturrilha bilateral no solo. Ative o core, mantenha o alinhamento das articulações e execute em amplitude confortável, com ritmo controlado e respiração contínua.","Use técnica controlada, carga compatível e interrompa em caso de dor aguda, tontura ou perda de estabilidade. Evite prender a respiração e compensar com a coluna.","pt-BR","FITOS_CURATED_CATALOG_V1","true"
"fitos:panturrilha-em-pe-com-halteres","Panturrilha em pé com halteres","strength","pesos_livres","Pesos livres","panturrilhas","Panturrilhas","iniciante","halteres","Prepare o equipamento e assuma uma base estável. Execute panturrilha em pé com halteres com coluna neutra, articulações alinhadas e amplitude confortável. Controle a fase de retorno e não use impulso para completar a repetição.","Use técnica controlada, carga compatível e interrompa em caso de dor aguda, tontura ou perda de estabilidade. Evite prender a respiração e compensar com a coluna.","pt-BR","FITOS_CURATED_CATALOG_V1","true"
"fitos:panturrilha-em-pe-na-maquina","Panturrilha em pé na máquina","strength","maquinas","Máquinas e aparelhos","panturrilhas","Panturrilhas","iniciante","máquina de panturrilha","Ajuste o equipamento ao seu corpo e selecione uma carga adequada. Estabilize o tronco, execute panturrilha em pé na máquina na amplitude confortável e retorne lentamente, mantendo o controle durante todo o movimento.","Use técnica controlada, carga compatível e interrompa em caso de dor aguda, tontura ou perda de estabilidade. Evite prender a respiração e compensar com a coluna.","pt-BR","FITOS_CURATED_CATALOG_V1","true"
"fitos:panturrilha-no-leg-press","Panturrilha no leg press","strength","maquinas","Máquinas e aparelhos","panturrilhas","Panturrilhas","iniciante","leg press","Ajuste o equipamento ao seu corpo e selecione uma carga adequada. Estabilize o tronco, execute panturrilha no leg press na amplitude confortável e retorne lentamente, mantendo o controle durante todo o movimento.","Use técnica controlada, carga compatível e interrompa em caso de dor aguda, tontura ou perda de estabilidade. Evite prender a respiração e compensar com a coluna.","pt-BR","FITOS_CURATED_CATALOG_V1","true"
"fitos:panturrilha-no-smith","Panturrilha no Smith","strength","maquinas","Máquinas e aparelhos","panturrilhas","Panturrilhas","iniciante","máquina Smith|plataforma","Ajuste o equipamento ao seu corpo e selecione uma carga adequada. Estabilize o tronco, execute panturrilha no smith na amplitude confortável e retorne lentamente, mantendo o controle durante todo o movimento.","Use técnica controlada, carga compatível e interrompa em caso de dor aguda, tontura ou perda de estabilidade. Evite prender a respiração e compensar com a coluna.","pt-BR","FITOS_CURATED_CATALOG_V1","true"
"fitos:panturrilha-sentada-na-maquina","Panturrilha sentada na máquina","strength","maquinas","Máquinas e aparelhos","panturrilhas","Panturrilhas","iniciante","máquina de panturrilha sentada","Ajuste o equipamento ao seu corpo e selecione uma carga adequada. Estabilize o tronco, execute panturrilha sentada na máquina na amplitude confortável e retorne lentamente, mantendo o controle durante todo o movimento.","Use técnica controlada, carga compatível e interrompa em caso de dor aguda, tontura ou perda de estabilidade. Evite prender a respiração e compensar com a coluna.","pt-BR","FITOS_CURATED_CATALOG_V1","true"
"fitos:panturrilha-sentado-com-barra","Panturrilha sentado com barra","strength","pesos_livres","Pesos livres","panturrilhas","Panturrilhas","intermediario","barra|banco","Prepare o equipamento e assuma uma base estável. Execute panturrilha sentado com barra com coluna neutra, articulações alinhadas e amplitude confortável. Controle a fase de retorno e não use impulso para completar a repetição.","Use técnica controlada, carga compatível e interrompa em caso de dor aguda, tontura ou perda de estabilidade. Evite prender a respiração e compensar com a coluna.","pt-BR","FITOS_CURATED_CATALOG_V1","true"
"fitos:panturrilha-unilateral-em-degrau","Panturrilha unilateral em degrau","strength","peso_corporal","Peso corporal","panturrilhas","Panturrilhas","iniciante","degrau","Posicione o corpo de forma estável para panturrilha unilateral em degrau. Ative o core, mantenha o alinhamento das articulações e execute em amplitude confortável, com ritmo controlado e respiração contínua.","Use técnica controlada, carga compatível e interrompa em caso de dor aguda, tontura ou perda de estabilidade. Evite prender a respiração e compensar com a coluna.","pt-BR","FITOS_CURATED_CATALOG_V1","true"
"fitos:chest-press-sentado","Chest press sentado","strength","maquinas","Máquinas e aparelhos","peitoral","Peitoral","iniciante","máquina chest press","Ajuste o equipamento ao seu corpo e selecione uma carga adequada. Estabilize o tronco, execute chest press sentado na amplitude confortável e retorne lentamente, mantendo o controle durante todo o movimento.","Use técnica controlada, carga compatível e interrompa em caso de dor aguda, tontura ou perda de estabilidade. Evite prender a respiração e compensar com a coluna.","pt-BR","FITOS_CURATED_CATALOG_V1","true"
"fitos:crossover-alto","Crossover alto","strength","cabos","Cabos e polias","peitoral","Peitoral","iniciante","polia dupla","Ajuste a polia e o acessório indicados. Assuma uma base estável, mantenha o tronco firme e execute crossover alto sem usar impulso. Retorne de forma lenta, preservando a tensão do cabo.","Use técnica controlada, carga compatível e interrompa em caso de dor aguda, tontura ou perda de estabilidade. Evite prender a respiração e compensar com a coluna.","pt-BR","FITOS_CURATED_CATALOG_V1","true"
"fitos:crossover-baixo","Crossover baixo","strength","cabos","Cabos e polias","peitoral","Peitoral","intermediario","polia dupla","Ajuste a polia e o acessório indicados. Assuma uma base estável, mantenha o tronco firme e execute crossover baixo sem usar impulso. Retorne de forma lenta, preservando a tensão do cabo.","Use técnica controlada, carga compatível e interrompa em caso de dor aguda, tontura ou perda de estabilidade. Evite prender a respiração e compensar com a coluna.","pt-BR","FITOS_CURATED_CATALOG_V1","true"
"fitos:crossover-medio","Crossover médio","strength","cabos","Cabos e polias","peitoral","Peitoral","iniciante","polia dupla","Ajuste a polia e o acessório indicados. Assuma uma base estável, mantenha o tronco firme e execute crossover médio sem usar impulso. Retorne de forma lenta, preservando a tensão do cabo.","Use técnica controlada, carga compatível e interrompa em caso de dor aguda, tontura ou perda de estabilidade. Evite prender a respiração e compensar com a coluna.","pt-BR","FITOS_CURATED_CATALOG_V1","true"
"fitos:crucifixo-inclinado-com-halteres","Crucifixo inclinado com halteres","strength","pesos_livres","Pesos livres","peitoral","Peitoral","iniciante","halteres|banco inclinado","Prepare o equipamento e assuma uma base estável. Execute crucifixo inclinado com halteres com coluna neutra, articulações alinhadas e amplitude confortável. Controle a fase de retorno e não use impulso para completar a repetição.","Use técnica controlada, carga compatível e interrompa em caso de dor aguda, tontura ou perda de estabilidade. Evite prender a respiração e compensar com a coluna.","pt-BR","FITOS_CURATED_CATALOG_V1","true"
"fitos:crucifixo-na-maquina-peck-deck","Crucifixo na máquina peck deck","strength","maquinas","Máquinas e aparelhos","peitoral","Peitoral","iniciante","máquina peck deck","Ajuste o equipamento ao seu corpo e selecione uma carga adequada. Estabilize o tronco, execute crucifixo na máquina peck deck na amplitude confortável e retorne lentamente, mantendo o controle durante todo o movimento.","Use técnica controlada, carga compatível e interrompa em caso de dor aguda, tontura ou perda de estabilidade. Evite prender a respiração e compensar com a coluna.","pt-BR","FITOS_CURATED_CATALOG_V1","true"
"fitos:crucifixo-reto-com-halteres","Crucifixo reto com halteres","strength","pesos_livres","Pesos livres","peitoral","Peitoral","iniciante","halteres|banco reto","Prepare o equipamento e assuma uma base estável. Execute crucifixo reto com halteres com coluna neutra, articulações alinhadas e amplitude confortável. Controle a fase de retorno e não use impulso para completar a repetição.","Use técnica controlada, carga compatível e interrompa em caso de dor aguda, tontura ou perda de estabilidade. Evite prender a respiração e compensar com a coluna.","pt-BR","FITOS_CURATED_CATALOG_V1","true"
"fitos:crucifixo-unilateral-no-cabo","Crucifixo unilateral no cabo","strength","cabos","Cabos e polias","peitoral","Peitoral","intermediario","polia","Ajuste a polia e o acessório indicados. Assuma uma base estável, mantenha o tronco firme e execute crucifixo unilateral no cabo sem usar impulso. Retorne de forma lenta, preservando a tensão do cabo.","Use técnica controlada, carga compatível e interrompa em caso de dor aguda, tontura ou perda de estabilidade. Evite prender a respiração e compensar com a coluna.","pt-BR","FITOS_CURATED_CATALOG_V1","true"
"fitos:flexao-arqueiro","Flexão arqueiro","strength","peso_corporal","Peso corporal","peitoral","Peitoral","avancado","peso corporal","Posicione o corpo de forma estável para flexão arqueiro. Ative o core, mantenha o alinhamento das articulações e execute em amplitude confortável, com ritmo controlado e respiração contínua.","Use técnica controlada, carga compatível e interrompa em caso de dor aguda, tontura ou perda de estabilidade. Evite prender a respiração e compensar com a coluna. Recomenda-se supervisão profissional até dominar a execução.","pt-BR","FITOS_CURATED_CATALOG_V1","true"
"fitos:flexao-de-bracos","Flexão de braços","strength","peso_corporal","Peso corporal","peitoral","Peitoral","iniciante","peso corporal","Posicione o corpo de forma estável para flexão de braços. Ative o core, mantenha o alinhamento das articulações e execute em amplitude confortável, com ritmo controlado e respiração contínua.","Use técnica controlada, carga compatível e interrompa em caso de dor aguda, tontura ou perda de estabilidade. Evite prender a respiração e compensar com a coluna.","pt-BR","FITOS_CURATED_CATALOG_V1","true"
"fitos:flexao-declinada","Flexão declinada","strength","peso_corporal","Peso corporal","peitoral","Peitoral","intermediario","apoio para os pés","Posicione o corpo de forma estável para flexão declinada. Ative o core, mantenha o alinhamento das articulações e execute em amplitude confortável, com ritmo controlado e respiração contínua.","Use técnica controlada, carga compatível e interrompa em caso de dor aguda, tontura ou perda de estabilidade. Evite prender a respiração e compensar com a coluna.","pt-BR","FITOS_CURATED_CATALOG_V1","true"
"fitos:flexao-diamante","Flexão diamante","strength","peso_corporal","Peso corporal","peitoral","Peitoral","intermediario","peso corporal","Posicione o corpo de forma estável para flexão diamante. Ative o core, mantenha o alinhamento das articulações e execute em amplitude confortável, com ritmo controlado e respiração contínua.","Use técnica controlada, carga compatível e interrompa em caso de dor aguda, tontura ou perda de estabilidade. Evite prender a respiração e compensar com a coluna.","pt-BR","FITOS_CURATED_CATALOG_V1","true"
"fitos:flexao-inclinada","Flexão inclinada","strength","peso_corporal","Peso corporal","peitoral","Peitoral","iniciante","apoio elevado","Posicione o corpo de forma estável para flexão inclinada. Ative o core, mantenha o alinhamento das articulações e execute em amplitude confortável, com ritmo controlado e respiração contínua.","Use técnica controlada, carga compatível e interrompa em caso de dor aguda, tontura ou perda de estabilidade. Evite prender a respiração e compensar com a coluna.","pt-BR","FITOS_CURATED_CATALOG_V1","true"
"fitos:paralelas-com-foco-no-peitoral","Paralelas com foco no peitoral","strength","peso_corporal","Peso corporal","peitoral","Peitoral","intermediario","barras paralelas","Posicione o corpo de forma estável para paralelas com foco no peitoral. Ative o core, mantenha o alinhamento das articulações e execute em amplitude confortável, com ritmo controlado e respiração contínua.","Use técnica controlada, carga compatível e interrompa em caso de dor aguda, tontura ou perda de estabilidade. Evite prender a respiração e compensar com a coluna.","pt-BR","FITOS_CURATED_CATALOG_V1","true"
"fitos:pullover-com-halter","Pullover com halter","strength","pesos_livres","Pesos livres","peitoral","Peitoral","intermediario","halter|banco","Prepare o equipamento e assuma uma base estável. Execute pullover com halter com coluna neutra, articulações alinhadas e amplitude confortável. Controle a fase de retorno e não use impulso para completar a repetição.","Use técnica controlada, carga compatível e interrompa em caso de dor aguda, tontura ou perda de estabilidade. Evite prender a respiração e compensar com a coluna.","pt-BR","FITOS_CURATED_CATALOG_V1","true"
"fitos:supino-com-pegada-fechada","Supino com pegada fechada","strength","pesos_livres","Pesos livres","peitoral","Peitoral","intermediario","barra|banco reto","Prepare o equipamento e assuma uma base estável. Execute supino com pegada fechada com coluna neutra, articulações alinhadas e amplitude confortável. Controle a fase de retorno e não use impulso para completar a repetição.","Use técnica controlada, carga compatível e interrompa em caso de dor aguda, tontura ou perda de estabilidade. Evite prender a respiração e compensar com a coluna.","pt-BR","FITOS_CURATED_CATALOG_V1","true"
"fitos:supino-declinado-com-barra","Supino declinado com barra","strength","pesos_livres","Pesos livres","peitoral","Peitoral","intermediario","barra|banco declinado","Prepare o equipamento e assuma uma base estável. Execute supino declinado com barra com coluna neutra, articulações alinhadas e amplitude confortável. Controle a fase de retorno e não use impulso para completar a repetição.","Use técnica controlada, carga compatível e interrompa em caso de dor aguda, tontura ou perda de estabilidade. Evite prender a respiração e compensar com a coluna.","pt-BR","FITOS_CURATED_CATALOG_V1","true"
"fitos:supino-declinado-com-halteres","Supino declinado com halteres","strength","pesos_livres","Pesos livres","peitoral","Peitoral","intermediario","halteres|banco declinado","Prepare o equipamento e assuma uma base estável. Execute supino declinado com halteres com coluna neutra, articulações alinhadas e amplitude confortável. Controle a fase de retorno e não use impulso para completar a repetição.","Use técnica controlada, carga compatível e interrompa em caso de dor aguda, tontura ou perda de estabilidade. Evite prender a respiração e compensar com a coluna.","pt-BR","FITOS_CURATED_CATALOG_V1","true"
"fitos:supino-declinado-na-maquina","Supino declinado na máquina","strength","maquinas","Máquinas e aparelhos","peitoral","Peitoral","iniciante","máquina de supino declinado","Ajuste o equipamento ao seu corpo e selecione uma carga adequada. Estabilize o tronco, execute supino declinado na máquina na amplitude confortável e retorne lentamente, mantendo o controle durante todo o movimento.","Use técnica controlada, carga compatível e interrompa em caso de dor aguda, tontura ou perda de estabilidade. Evite prender a respiração e compensar com a coluna.","pt-BR","FITOS_CURATED_CATALOG_V1","true"
"fitos:supino-inclinado-com-barra","Supino inclinado com barra","strength","pesos_livres","Pesos livres","peitoral","Peitoral","intermediario","barra|banco inclinado","Prepare o equipamento e assuma uma base estável. Execute supino inclinado com barra com coluna neutra, articulações alinhadas e amplitude confortável. Controle a fase de retorno e não use impulso para completar a repetição.","Use técnica controlada, carga compatível e interrompa em caso de dor aguda, tontura ou perda de estabilidade. Evite prender a respiração e compensar com a coluna.","pt-BR","FITOS_CURATED_CATALOG_V1","true"
"fitos:supino-inclinado-com-halteres","Supino inclinado com halteres","strength","pesos_livres","Pesos livres","peitoral","Peitoral","iniciante","halteres|banco inclinado","Prepare o equipamento e assuma uma base estável. Execute supino inclinado com halteres com coluna neutra, articulações alinhadas e amplitude confortável. Controle a fase de retorno e não use impulso para completar a repetição.","Use técnica controlada, carga compatível e interrompa em caso de dor aguda, tontura ou perda de estabilidade. Evite prender a respiração e compensar com a coluna.","pt-BR","FITOS_CURATED_CATALOG_V1","true"
"fitos:supino-inclinado-na-maquina","Supino inclinado na máquina","strength","maquinas","Máquinas e aparelhos","peitoral","Peitoral","iniciante","máquina de supino inclinado","Ajuste o equipamento ao seu corpo e selecione uma carga adequada. Estabilize o tronco, execute supino inclinado na máquina na amplitude confortável e retorne lentamente, mantendo o controle durante todo o movimento.","Use técnica controlada, carga compatível e interrompa em caso de dor aguda, tontura ou perda de estabilidade. Evite prender a respiração e compensar com a coluna.","pt-BR","FITOS_CURATED_CATALOG_V1","true"
"fitos:supino-reto-com-barra","Supino reto com barra","strength","pesos_livres","Pesos livres","peitoral","Peitoral","intermediario","barra|banco reto","Prepare o equipamento e assuma uma base estável. Execute supino reto com barra com coluna neutra, articulações alinhadas e amplitude confortável. Controle a fase de retorno e não use impulso para completar a repetição.","Use técnica controlada, carga compatível e interrompa em caso de dor aguda, tontura ou perda de estabilidade. Evite prender a respiração e compensar com a coluna.","pt-BR","FITOS_CURATED_CATALOG_V1","true"
"fitos:supino-reto-com-halteres","Supino reto com halteres","strength","pesos_livres","Pesos livres","peitoral","Peitoral","iniciante","halteres|banco reto","Prepare o equipamento e assuma uma base estável. Execute supino reto com halteres com coluna neutra, articulações alinhadas e amplitude confortável. Controle a fase de retorno e não use impulso para completar a repetição.","Use técnica controlada, carga compatível e interrompa em caso de dor aguda, tontura ou perda de estabilidade. Evite prender a respiração e compensar com a coluna.","pt-BR","FITOS_CURATED_CATALOG_V1","true"
"fitos:cadeira-flexora","Cadeira flexora","strength","maquinas","Máquinas e aparelhos","posteriores_coxa","Posteriores de coxa","iniciante","cadeira flexora","Ajuste o equipamento ao seu corpo e selecione uma carga adequada. Estabilize o tronco, execute cadeira flexora na amplitude confortável e retorne lentamente, mantendo o controle durante todo o movimento.","Use técnica controlada, carga compatível e interrompa em caso de dor aguda, tontura ou perda de estabilidade. Evite prender a respiração e compensar com a coluna.","pt-BR","FITOS_CURATED_CATALOG_V1","true"
"fitos:flexao-de-joelhos-no-cabo","Flexão de joelhos no cabo","strength","cabos","Cabos e polias","posteriores_coxa","Posteriores de coxa","intermediario","polia baixa|tornozeleira","Ajuste a polia e o acessório indicados. Assuma uma base estável, mantenha o tronco firme e execute flexão de joelhos no cabo sem usar impulso. Retorne de forma lenta, preservando a tensão do cabo.","Use técnica controlada, carga compatível e interrompa em caso de dor aguda, tontura ou perda de estabilidade. Evite prender a respiração e compensar com a coluna.","pt-BR","FITOS_CURATED_CATALOG_V1","true"
"fitos:flexora-em-pe-unilateral","Flexora em pé unilateral","strength","maquinas","Máquinas e aparelhos","posteriores_coxa","Posteriores de coxa","iniciante","máquina flexora em pé","Ajuste o equipamento ao seu corpo e selecione uma carga adequada. Estabilize o tronco, execute flexora em pé unilateral na amplitude confortável e retorne lentamente, mantendo o controle durante todo o movimento.","Use técnica controlada, carga compatível e interrompa em caso de dor aguda, tontura ou perda de estabilidade. Evite prender a respiração e compensar com a coluna.","pt-BR","FITOS_CURATED_CATALOG_V1","true"
"fitos:good-morning-com-barra","Good morning com barra","strength","pesos_livres","Pesos livres","posteriores_coxa","Posteriores de coxa","avancado","barra","Prepare o equipamento e assuma uma base estável. Execute good morning com barra com coluna neutra, articulações alinhadas e amplitude confortável. Controle a fase de retorno e não use impulso para completar a repetição.","Use técnica controlada, carga compatível e interrompa em caso de dor aguda, tontura ou perda de estabilidade. Evite prender a respiração e compensar com a coluna. Recomenda-se supervisão profissional até dominar a execução.","pt-BR","FITOS_CURATED_CATALOG_V1","true"
"fitos:levantamento-terra-romeno-com-barra","Levantamento terra romeno com barra","strength","pesos_livres","Pesos livres","posteriores_coxa","Posteriores de coxa","intermediario","barra","Prepare o equipamento e assuma uma base estável. Execute levantamento terra romeno com barra com coluna neutra, articulações alinhadas e amplitude confortável. Controle a fase de retorno e não use impulso para completar a repetição.","Use técnica controlada, carga compatível e interrompa em caso de dor aguda, tontura ou perda de estabilidade. Evite prender a respiração e compensar com a coluna.","pt-BR","FITOS_CURATED_CATALOG_V1","true"
"fitos:levantamento-terra-romeno-com-halteres","Levantamento terra romeno com halteres","strength","pesos_livres","Pesos livres","posteriores_coxa","Posteriores de coxa","iniciante","halteres","Prepare o equipamento e assuma uma base estável. Execute levantamento terra romeno com halteres com coluna neutra, articulações alinhadas e amplitude confortável. Controle a fase de retorno e não use impulso para completar a repetição.","Use técnica controlada, carga compatível e interrompa em caso de dor aguda, tontura ou perda de estabilidade. Evite prender a respiração e compensar com a coluna.","pt-BR","FITOS_CURATED_CATALOG_V1","true"
"fitos:mesa-flexora","Mesa flexora","strength","maquinas","Máquinas e aparelhos","posteriores_coxa","Posteriores de coxa","iniciante","mesa flexora","Ajuste o equipamento ao seu corpo e selecione uma carga adequada. Estabilize o tronco, execute mesa flexora na amplitude confortável e retorne lentamente, mantendo o controle durante todo o movimento.","Use técnica controlada, carga compatível e interrompa em caso de dor aguda, tontura ou perda de estabilidade. Evite prender a respiração e compensar com a coluna.","pt-BR","FITOS_CURATED_CATALOG_V1","true"
"fitos:nordic-curl-assistido","Nordic curl assistido","strength","peso_corporal","Peso corporal","posteriores_coxa","Posteriores de coxa","avancado","apoio para os pés","Posicione o corpo de forma estável para nordic curl assistido. Ative o core, mantenha o alinhamento das articulações e execute em amplitude confortável, com ritmo controlado e respiração contínua.","Use técnica controlada, carga compatível e interrompa em caso de dor aguda, tontura ou perda de estabilidade. Evite prender a respiração e compensar com a coluna. Recomenda-se supervisão profissional até dominar a execução.","pt-BR","FITOS_CURATED_CATALOG_V1","true"
"fitos:ponte-com-caminhada-dos-calcanhares","Ponte com caminhada dos calcanhares","strength","peso_corporal","Peso corporal","posteriores_coxa","Posteriores de coxa","intermediario","colchonete","Posicione o corpo de forma estável para ponte com caminhada dos calcanhares. Ative o core, mantenha o alinhamento das articulações e execute em amplitude confortável, com ritmo controlado e respiração contínua.","Use técnica controlada, carga compatível e interrompa em caso de dor aguda, tontura ou perda de estabilidade. Evite prender a respiração e compensar com a coluna.","pt-BR","FITOS_CURATED_CATALOG_V1","true"
"fitos:pull-through-no-cabo","Pull-through no cabo","strength","cabos","Cabos e polias","posteriores_coxa","Posteriores de coxa","iniciante","polia baixa|corda","Ajuste a polia e o acessório indicados. Assuma uma base estável, mantenha o tronco firme e execute pull-through no cabo sem usar impulso. Retorne de forma lenta, preservando a tensão do cabo.","Use técnica controlada, carga compatível e interrompa em caso de dor aguda, tontura ou perda de estabilidade. Evite prender a respiração e compensar com a coluna.","pt-BR","FITOS_CURATED_CATALOG_V1","true"
"fitos:stiff-com-barra","Stiff com barra","strength","pesos_livres","Pesos livres","posteriores_coxa","Posteriores de coxa","intermediario","barra","Prepare o equipamento e assuma uma base estável. Execute stiff com barra com coluna neutra, articulações alinhadas e amplitude confortável. Controle a fase de retorno e não use impulso para completar a repetição.","Use técnica controlada, carga compatível e interrompa em caso de dor aguda, tontura ou perda de estabilidade. Evite prender a respiração e compensar com a coluna.","pt-BR","FITOS_CURATED_CATALOG_V1","true"
"fitos:terra-romeno-no-smith","Terra romeno no Smith","strength","maquinas","Máquinas e aparelhos","posteriores_coxa","Posteriores de coxa","intermediario","máquina Smith","Ajuste o equipamento ao seu corpo e selecione uma carga adequada. Estabilize o tronco, execute terra romeno no smith na amplitude confortável e retorne lentamente, mantendo o controle durante todo o movimento.","Use técnica controlada, carga compatível e interrompa em caso de dor aguda, tontura ou perda de estabilidade. Evite prender a respiração e compensar com a coluna.","pt-BR","FITOS_CURATED_CATALOG_V1","true"
"fitos:afundo-no-smith","Afundo no Smith","strength","maquinas","Máquinas e aparelhos","quadriceps","Quadríceps","intermediario","máquina Smith","Ajuste o equipamento ao seu corpo e selecione uma carga adequada. Estabilize o tronco, execute afundo no smith na amplitude confortável e retorne lentamente, mantendo o controle durante todo o movimento.","Use técnica controlada, carga compatível e interrompa em caso de dor aguda, tontura ou perda de estabilidade. Evite prender a respiração e compensar com a coluna.","pt-BR","FITOS_CURATED_CATALOG_V1","true"
"fitos:afundo-reverso","Afundo reverso","strength","peso_corporal","Peso corporal","quadriceps","Quadríceps","iniciante","peso corporal","Posicione o corpo de forma estável para afundo reverso. Ative o core, mantenha o alinhamento das articulações e execute em amplitude confortável, com ritmo controlado e respiração contínua.","Use técnica controlada, carga compatível e interrompa em caso de dor aguda, tontura ou perda de estabilidade. Evite prender a respiração e compensar com a coluna.","pt-BR","FITOS_CURATED_CATALOG_V1","true"
"fitos:agachamento-bulgaro","Agachamento búlgaro","strength","pesos_livres","Pesos livres","quadriceps","Quadríceps","intermediario","halteres|banco","Prepare o equipamento e assuma uma base estável. Execute agachamento búlgaro com coluna neutra, articulações alinhadas e amplitude confortável. Controle a fase de retorno e não use impulso para completar a repetição.","Use técnica controlada, carga compatível e interrompa em caso de dor aguda, tontura ou perda de estabilidade. Evite prender a respiração e compensar com a coluna.","pt-BR","FITOS_CURATED_CATALOG_V1","true"
"fitos:agachamento-com-salto","Agachamento com salto","strength","peso_corporal","Peso corporal","quadriceps","Quadríceps","intermediario","peso corporal","Posicione o corpo de forma estável para agachamento com salto. Ative o core, mantenha o alinhamento das articulações e execute em amplitude confortável, com ritmo controlado e respiração contínua.","Use técnica controlada, carga compatível e interrompa em caso de dor aguda, tontura ou perda de estabilidade. Evite prender a respiração e compensar com a coluna.","pt-BR","FITOS_CURATED_CATALOG_V1","true"
"fitos:agachamento-frontal-com-barra","Agachamento frontal com barra","strength","pesos_livres","Pesos livres","quadriceps","Quadríceps","avancado","barra|rack","Prepare o equipamento e assuma uma base estável. Execute agachamento frontal com barra com coluna neutra, articulações alinhadas e amplitude confortável. Controle a fase de retorno e não use impulso para completar a repetição.","Use técnica controlada, carga compatível e interrompa em caso de dor aguda, tontura ou perda de estabilidade. Evite prender a respiração e compensar com a coluna. Recomenda-se supervisão profissional até dominar a execução.","pt-BR","FITOS_CURATED_CATALOG_V1","true"
"fitos:agachamento-goblet","Agachamento goblet","strength","pesos_livres","Pesos livres","quadriceps","Quadríceps","iniciante","halter ou kettlebell","Prepare o equipamento e assuma uma base estável. Execute agachamento goblet com coluna neutra, articulações alinhadas e amplitude confortável. Controle a fase de retorno e não use impulso para completar a repetição.","Use técnica controlada, carga compatível e interrompa em caso de dor aguda, tontura ou perda de estabilidade. Evite prender a respiração e compensar com a coluna.","pt-BR","FITOS_CURATED_CATALOG_V1","true"
"fitos:agachamento-hack","Agachamento Hack","strength","maquinas","Máquinas e aparelhos","quadriceps","Quadríceps","iniciante","máquina hack","Ajuste o equipamento ao seu corpo e selecione uma carga adequada. Estabilize o tronco, execute agachamento hack na amplitude confortável e retorne lentamente, mantendo o controle durante todo o movimento.","Use técnica controlada, carga compatível e interrompa em caso de dor aguda, tontura ou perda de estabilidade. Evite prender a respiração e compensar com a coluna.","pt-BR","FITOS_CURATED_CATALOG_V1","true"
"fitos:agachamento-isometrico-na-parede","Agachamento isométrico na parede","strength","peso_corporal","Peso corporal","quadriceps","Quadríceps","iniciante","parede","Posicione o corpo de forma estável para agachamento isométrico na parede. Ative o core, mantenha o alinhamento das articulações e execute em amplitude confortável, com ritmo controlado e respiração contínua.","Use técnica controlada, carga compatível e interrompa em caso de dor aguda, tontura ou perda de estabilidade. Evite prender a respiração e compensar com a coluna.","pt-BR","FITOS_CURATED_CATALOG_V1","true"
"fitos:agachamento-livre","Agachamento livre","strength","peso_corporal","Peso corporal","quadriceps","Quadríceps","iniciante","peso corporal","Posicione o corpo de forma estável para agachamento livre. Ative o core, mantenha o alinhamento das articulações e execute em amplitude confortável, com ritmo controlado e respiração contínua.","Use técnica controlada, carga compatível e interrompa em caso de dor aguda, tontura ou perda de estabilidade. Evite prender a respiração e compensar com a coluna.","pt-BR","FITOS_CURATED_CATALOG_V1","true"
"fitos:agachamento-livre-com-barra","Agachamento livre com barra","strength","pesos_livres","Pesos livres","quadriceps","Quadríceps","intermediario","barra|rack","Prepare o equipamento e assuma uma base estável. Execute agachamento livre com barra com coluna neutra, articulações alinhadas e amplitude confortável. Controle a fase de retorno e não use impulso para completar a repetição.","Use técnica controlada, carga compatível e interrompa em caso de dor aguda, tontura ou perda de estabilidade. Evite prender a respiração e compensar com a coluna.","pt-BR","FITOS_CURATED_CATALOG_V1","true"
"fitos:agachamento-no-cabo","Agachamento no cabo","strength","cabos","Cabos e polias","quadriceps","Quadríceps","iniciante","polia baixa","Ajuste a polia e o acessório indicados. Assuma uma base estável, mantenha o tronco firme e execute agachamento no cabo sem usar impulso. Retorne de forma lenta, preservando a tensão do cabo.","Use técnica controlada, carga compatível e interrompa em caso de dor aguda, tontura ou perda de estabilidade. Evite prender a respiração e compensar com a coluna.","pt-BR","FITOS_CURATED_CATALOG_V1","true"
"fitos:agachamento-no-smith","Agachamento no Smith","strength","maquinas","Máquinas e aparelhos","quadriceps","Quadríceps","iniciante","máquina Smith","Ajuste o equipamento ao seu corpo e selecione uma carga adequada. Estabilize o tronco, execute agachamento no smith na amplitude confortável e retorne lentamente, mantendo o controle durante todo o movimento.","Use técnica controlada, carga compatível e interrompa em caso de dor aguda, tontura ou perda de estabilidade. Evite prender a respiração e compensar com a coluna.","pt-BR","FITOS_CURATED_CATALOG_V1","true"
"fitos:avanco-com-halteres","Avanço com halteres","strength","pesos_livres","Pesos livres","quadriceps","Quadríceps","iniciante","halteres","Prepare o equipamento e assuma uma base estável. Execute avanço com halteres com coluna neutra, articulações alinhadas e amplitude confortável. Controle a fase de retorno e não use impulso para completar a repetição.","Use técnica controlada, carga compatível e interrompa em caso de dor aguda, tontura ou perda de estabilidade. Evite prender a respiração e compensar com a coluna.","pt-BR","FITOS_CURATED_CATALOG_V1","true"
"fitos:cadeira-extensora","Cadeira extensora","strength","maquinas","Máquinas e aparelhos","quadriceps","Quadríceps","iniciante","cadeira extensora","Ajuste o equipamento ao seu corpo e selecione uma carga adequada. Estabilize o tronco, execute cadeira extensora na amplitude confortável e retorne lentamente, mantendo o controle durante todo o movimento.","Use técnica controlada, carga compatível e interrompa em caso de dor aguda, tontura ou perda de estabilidade. Evite prender a respiração e compensar com a coluna.","pt-BR","FITOS_CURATED_CATALOG_V1","true"
"fitos:leg-press-45","Leg press 45°","strength","maquinas","Máquinas e aparelhos","quadriceps","Quadríceps","iniciante","leg press 45°","Ajuste o equipamento ao seu corpo e selecione uma carga adequada. Estabilize o tronco, execute leg press 45° na amplitude confortável e retorne lentamente, mantendo o controle durante todo o movimento.","Use técnica controlada, carga compatível e interrompa em caso de dor aguda, tontura ou perda de estabilidade. Evite prender a respiração e compensar com a coluna.","pt-BR","FITOS_CURATED_CATALOG_V1","true"
"fitos:leg-press-horizontal","Leg press horizontal","strength","maquinas","Máquinas e aparelhos","quadriceps","Quadríceps","iniciante","leg press horizontal","Ajuste o equipamento ao seu corpo e selecione uma carga adequada. Estabilize o tronco, execute leg press horizontal na amplitude confortável e retorne lentamente, mantendo o controle durante todo o movimento.","Use técnica controlada, carga compatível e interrompa em caso de dor aguda, tontura ou perda de estabilidade. Evite prender a respiração e compensar com a coluna.","pt-BR","FITOS_CURATED_CATALOG_V1","true"
"fitos:passada-com-barra","Passada com barra","strength","pesos_livres","Pesos livres","quadriceps","Quadríceps","intermediario","barra","Prepare o equipamento e assuma uma base estável. Execute passada com barra com coluna neutra, articulações alinhadas e amplitude confortável. Controle a fase de retorno e não use impulso para completar a repetição.","Use técnica controlada, carga compatível e interrompa em caso de dor aguda, tontura ou perda de estabilidade. Evite prender a respiração e compensar com a coluna.","pt-BR","FITOS_CURATED_CATALOG_V1","true"
"fitos:pistol-squat-assistido","Pistol squat assistido","strength","peso_corporal","Peso corporal","quadriceps","Quadríceps","avancado","apoio fixo","Posicione o corpo de forma estável para pistol squat assistido. Ative o core, mantenha o alinhamento das articulações e execute em amplitude confortável, com ritmo controlado e respiração contínua.","Use técnica controlada, carga compatível e interrompa em caso de dor aguda, tontura ou perda de estabilidade. Evite prender a respiração e compensar com a coluna. Recomenda-se supervisão profissional até dominar a execução.","pt-BR","FITOS_CURATED_CATALOG_V1","true"
"fitos:step-up-com-halteres","Step-up com halteres","strength","pesos_livres","Pesos livres","quadriceps","Quadríceps","iniciante","halteres|caixa","Prepare o equipamento e assuma uma base estável. Execute step-up com halteres com coluna neutra, articulações alinhadas e amplitude confortável. Controle a fase de retorno e não use impulso para completar a repetição.","Use técnica controlada, carga compatível e interrompa em caso de dor aguda, tontura ou perda de estabilidade. Evite prender a respiração e compensar com a coluna.","pt-BR","FITOS_CURATED_CATALOG_V1","true"
"fitos:encolhimento-com-barra","Encolhimento com barra","strength","pesos_livres","Pesos livres","trapezio_antebracos","Trapézio e antebraços","iniciante","barra","Prepare o equipamento e assuma uma base estável. Execute encolhimento com barra com coluna neutra, articulações alinhadas e amplitude confortável. Controle a fase de retorno e não use impulso para completar a repetição.","Use técnica controlada, carga compatível e interrompa em caso de dor aguda, tontura ou perda de estabilidade. Evite prender a respiração e compensar com a coluna.","pt-BR","FITOS_CURATED_CATALOG_V1","true"
"fitos:encolhimento-com-halteres","Encolhimento com halteres","strength","pesos_livres","Pesos livres","trapezio_antebracos","Trapézio e antebraços","iniciante","halteres","Prepare o equipamento e assuma uma base estável. Execute encolhimento com halteres com coluna neutra, articulações alinhadas e amplitude confortável. Controle a fase de retorno e não use impulso para completar a repetição.","Use técnica controlada, carga compatível e interrompa em caso de dor aguda, tontura ou perda de estabilidade. Evite prender a respiração e compensar com a coluna.","pt-BR","FITOS_CURATED_CATALOG_V1","true"
"fitos:encolhimento-na-maquina","Encolhimento na máquina","strength","maquinas","Máquinas e aparelhos","trapezio_antebracos","Trapézio e antebraços","iniciante","máquina de encolhimento","Ajuste o equipamento ao seu corpo e selecione uma carga adequada. Estabilize o tronco, execute encolhimento na máquina na amplitude confortável e retorne lentamente, mantendo o controle durante todo o movimento.","Use técnica controlada, carga compatível e interrompa em caso de dor aguda, tontura ou perda de estabilidade. Evite prender a respiração e compensar com a coluna.","pt-BR","FITOS_CURATED_CATALOG_V1","true"
"fitos:encolhimento-no-cabo","Encolhimento no cabo","strength","cabos","Cabos e polias","trapezio_antebracos","Trapézio e antebraços","iniciante","polia baixa|barra","Ajuste a polia e o acessório indicados. Assuma uma base estável, mantenha o tronco firme e execute encolhimento no cabo sem usar impulso. Retorne de forma lenta, preservando a tensão do cabo.","Use técnica controlada, carga compatível e interrompa em caso de dor aguda, tontura ou perda de estabilidade. Evite prender a respiração e compensar com a coluna.","pt-BR","FITOS_CURATED_CATALOG_V1","true"
"fitos:pinca-de-anilhas","Pinça de anilhas","strength","pesos_livres","Pesos livres","trapezio_antebracos","Trapézio e antebraços","intermediario","anilhas","Prepare o equipamento e assuma uma base estável. Execute pinça de anilhas com coluna neutra, articulações alinhadas e amplitude confortável. Controle a fase de retorno e não use impulso para completar a repetição.","Use técnica controlada, carga compatível e interrompa em caso de dor aguda, tontura ou perda de estabilidade. Evite prender a respiração e compensar com a coluna.","pt-BR","FITOS_CURATED_CATALOG_V1","true"
"fitos:rosca-de-punho-com-barra","Rosca de punho com barra","strength","pesos_livres","Pesos livres","trapezio_antebracos","Trapézio e antebraços","iniciante","barra|banco","Prepare o equipamento e assuma uma base estável. Execute rosca de punho com barra com coluna neutra, articulações alinhadas e amplitude confortável. Controle a fase de retorno e não use impulso para completar a repetição.","Use técnica controlada, carga compatível e interrompa em caso de dor aguda, tontura ou perda de estabilidade. Evite prender a respiração e compensar com a coluna.","pt-BR","FITOS_CURATED_CATALOG_V1","true"
"fitos:rosca-inversa-com-barra-w","Rosca inversa com barra W","strength","pesos_livres","Pesos livres","trapezio_antebracos","Trapézio e antebraços","intermediario","barra W","Prepare o equipamento e assuma uma base estável. Execute rosca inversa com barra w com coluna neutra, articulações alinhadas e amplitude confortável. Controle a fase de retorno e não use impulso para completar a repetição.","Use técnica controlada, carga compatível e interrompa em caso de dor aguda, tontura ou perda de estabilidade. Evite prender a respiração e compensar com a coluna.","pt-BR","FITOS_CURATED_CATALOG_V1","true"
"fitos:rosca-inversa-de-punho-com-barra","Rosca inversa de punho com barra","strength","pesos_livres","Pesos livres","trapezio_antebracos","Trapézio e antebraços","iniciante","barra|banco","Prepare o equipamento e assuma uma base estável. Execute rosca inversa de punho com barra com coluna neutra, articulações alinhadas e amplitude confortável. Controle a fase de retorno e não use impulso para completar a repetição.","Use técnica controlada, carga compatível e interrompa em caso de dor aguda, tontura ou perda de estabilidade. Evite prender a respiração e compensar com a coluna.","pt-BR","FITOS_CURATED_CATALOG_V1","true"
"fitos:rotacao-de-punho-com-halter","Rotação de punho com halter","strength","pesos_livres","Pesos livres","trapezio_antebracos","Trapézio e antebraços","iniciante","halter","Prepare o equipamento e assuma uma base estável. Execute rotação de punho com halter com coluna neutra, articulações alinhadas e amplitude confortável. Controle a fase de retorno e não use impulso para completar a repetição.","Use técnica controlada, carga compatível e interrompa em caso de dor aguda, tontura ou perda de estabilidade. Evite prender a respiração e compensar com a coluna.","pt-BR","FITOS_CURATED_CATALOG_V1","true"
"fitos:suspensao-na-barra","Suspensão na barra","strength","peso_corporal","Peso corporal","trapezio_antebracos","Trapézio e antebraços","iniciante","barra fixa","Posicione o corpo de forma estável para suspensão na barra. Ative o core, mantenha o alinhamento das articulações e execute em amplitude confortável, com ritmo controlado e respiração contínua.","Use técnica controlada, carga compatível e interrompa em caso de dor aguda, tontura ou perda de estabilidade. Evite prender a respiração e compensar com a coluna.","pt-BR","FITOS_CURATED_CATALOG_V1","true"
"fitos:extensao-de-triceps-na-maquina","Extensão de tríceps na máquina","strength","maquinas","Máquinas e aparelhos","triceps","Tríceps","iniciante","máquina de tríceps","Ajuste o equipamento ao seu corpo e selecione uma carga adequada. Estabilize o tronco, execute extensão de tríceps na máquina na amplitude confortável e retorne lentamente, mantendo o controle durante todo o movimento.","Use técnica controlada, carga compatível e interrompa em caso de dor aguda, tontura ou perda de estabilidade. Evite prender a respiração e compensar com a coluna.","pt-BR","FITOS_CURATED_CATALOG_V1","true"
"fitos:mergulho-entre-bancos","Mergulho entre bancos","strength","peso_corporal","Peso corporal","triceps","Tríceps","intermediario","dois bancos","Posicione o corpo de forma estável para mergulho entre bancos. Ative o core, mantenha o alinhamento das articulações e execute em amplitude confortável, com ritmo controlado e respiração contínua.","Use técnica controlada, carga compatível e interrompa em caso de dor aguda, tontura ou perda de estabilidade. Evite prender a respiração e compensar com a coluna.","pt-BR","FITOS_CURATED_CATALOG_V1","true"
"fitos:mergulho-na-maquina","Mergulho na máquina","strength","maquinas","Máquinas e aparelhos","triceps","Tríceps","iniciante","máquina de mergulho","Ajuste o equipamento ao seu corpo e selecione uma carga adequada. Estabilize o tronco, execute mergulho na máquina na amplitude confortável e retorne lentamente, mantendo o controle durante todo o movimento.","Use técnica controlada, carga compatível e interrompa em caso de dor aguda, tontura ou perda de estabilidade. Evite prender a respiração e compensar com a coluna.","pt-BR","FITOS_CURATED_CATALOG_V1","true"
"fitos:paralelas-com-foco-em-triceps","Paralelas com foco em tríceps","strength","peso_corporal","Peso corporal","triceps","Tríceps","intermediario","barras paralelas","Posicione o corpo de forma estável para paralelas com foco em tríceps. Ative o core, mantenha o alinhamento das articulações e execute em amplitude confortável, com ritmo controlado e respiração contínua.","Use técnica controlada, carga compatível e interrompa em caso de dor aguda, tontura ou perda de estabilidade. Evite prender a respiração e compensar com a coluna.","pt-BR","FITOS_CURATED_CATALOG_V1","true"
"fitos:triceps-coice-com-halter","Tríceps coice com halter","strength","pesos_livres","Pesos livres","triceps","Tríceps","iniciante","halter|banco","Prepare o equipamento e assuma uma base estável. Execute tríceps coice com halter com coluna neutra, articulações alinhadas e amplitude confortável. Controle a fase de retorno e não use impulso para completar a repetição.","Use técnica controlada, carga compatível e interrompa em caso de dor aguda, tontura ou perda de estabilidade. Evite prender a respiração e compensar com a coluna.","pt-BR","FITOS_CURATED_CATALOG_V1","true"
"fitos:triceps-frances-com-halter","Tríceps francês com halter","strength","pesos_livres","Pesos livres","triceps","Tríceps","iniciante","halter","Prepare o equipamento e assuma uma base estável. Execute tríceps francês com halter com coluna neutra, articulações alinhadas e amplitude confortável. Controle a fase de retorno e não use impulso para completar a repetição.","Use técnica controlada, carga compatível e interrompa em caso de dor aguda, tontura ou perda de estabilidade. Evite prender a respiração e compensar com a coluna.","pt-BR","FITOS_CURATED_CATALOG_V1","true"
"fitos:triceps-frances-no-cabo","Tríceps francês no cabo","strength","cabos","Cabos e polias","triceps","Tríceps","intermediario","polia|corda","Ajuste a polia e o acessório indicados. Assuma uma base estável, mantenha o tronco firme e execute tríceps francês no cabo sem usar impulso. Retorne de forma lenta, preservando a tensão do cabo.","Use técnica controlada, carga compatível e interrompa em caso de dor aguda, tontura ou perda de estabilidade. Evite prender a respiração e compensar com a coluna.","pt-BR","FITOS_CURATED_CATALOG_V1","true"
"fitos:triceps-na-polia-com-barra","Tríceps na polia com barra","strength","cabos","Cabos e polias","triceps","Tríceps","iniciante","polia alta|barra","Ajuste a polia e o acessório indicados. Assuma uma base estável, mantenha o tronco firme e execute tríceps na polia com barra sem usar impulso. Retorne de forma lenta, preservando a tensão do cabo.","Use técnica controlada, carga compatível e interrompa em caso de dor aguda, tontura ou perda de estabilidade. Evite prender a respiração e compensar com a coluna.","pt-BR","FITOS_CURATED_CATALOG_V1","true"
"fitos:triceps-na-polia-com-corda","Tríceps na polia com corda","strength","cabos","Cabos e polias","triceps","Tríceps","iniciante","polia alta|corda","Ajuste a polia e o acessório indicados. Assuma uma base estável, mantenha o tronco firme e execute tríceps na polia com corda sem usar impulso. Retorne de forma lenta, preservando a tensão do cabo.","Use técnica controlada, carga compatível e interrompa em caso de dor aguda, tontura ou perda de estabilidade. Evite prender a respiração e compensar com a coluna.","pt-BR","FITOS_CURATED_CATALOG_V1","true"
"fitos:triceps-testa-com-barra-w","Tríceps testa com barra W","strength","pesos_livres","Pesos livres","triceps","Tríceps","intermediario","barra W|banco","Prepare o equipamento e assuma uma base estável. Execute tríceps testa com barra w com coluna neutra, articulações alinhadas e amplitude confortável. Controle a fase de retorno e não use impulso para completar a repetição.","Use técnica controlada, carga compatível e interrompa em caso de dor aguda, tontura ou perda de estabilidade. Evite prender a respiração e compensar com a coluna.","pt-BR","FITOS_CURATED_CATALOG_V1","true"
"fitos:triceps-testa-no-cabo","Tríceps testa no cabo","strength","cabos","Cabos e polias","triceps","Tríceps","intermediario","polia|barra","Ajuste a polia e o acessório indicados. Assuma uma base estável, mantenha o tronco firme e execute tríceps testa no cabo sem usar impulso. Retorne de forma lenta, preservando a tensão do cabo.","Use técnica controlada, carga compatível e interrompa em caso de dor aguda, tontura ou perda de estabilidade. Evite prender a respiração e compensar com a coluna.","pt-BR","FITOS_CURATED_CATALOG_V1","true"
"fitos:triceps-unilateral-no-cabo","Tríceps unilateral no cabo","strength","cabos","Cabos e polias","triceps","Tríceps","intermediario","polia alta","Ajuste a polia e o acessório indicados. Assuma uma base estável, mantenha o tronco firme e execute tríceps unilateral no cabo sem usar impulso. Retorne de forma lenta, preservando a tensão do cabo.","Use técnica controlada, carga compatível e interrompa em caso de dor aguda, tontura ou perda de estabilidade. Evite prender a respiração e compensar com a coluna.","pt-BR","FITOS_CURATED_CATALOG_V1","true"
